step,system_total_stopped,system_total_waiting_time,system_mean_waiting_time,system_mean_speed,J0_stopped,J0_accumulated_waiting_time,J0_average_speed,agents_total_stopped,agents_total_accumulated_waiting_time
5.0,2,0.0,0.0,3.149489955203608,2,0.0,0.21111776917408331,2,0.0
10.0,1,0.0,0.0,4.3716800453135,1,0.0,0.2001358131104641,1,0.0
15.0,4,12.0,1.0909090909090908,2.875758884814766,4,12.0,0.12484390704984553,4,12.0
20.0,9,45.0,3.4615384615384617,2.233234415190979,9,45.0,0.051171096746525556,9,45.0
25.0,9,88.0,6.285714285714286,3.232296034651703,9,88.0,0.17273341098438239,9,88.0
30.0,10,133.0,8.3125,2.9460100760459467,10,133.0,0.1469575311481402,10,133.0
35.0,11,180.0,10.588235294117647,1.9286444930059918,10,178.0,0.13143747091800403,10,178.0
40.0,12,237.0,13.941176470588236,1.3742859146955932,11,230.0,0.07155342315955934,11,230.0
45.0,10,269.0,14.944444444444445,1.2701240063083796,10,285.0,0.0643761727300334,10,285.0
50.0,5,14.0,0.7368421052631579,2.109083984507233,4,211.0,0.10384609589917178,4,211.0
55.0,13,57.0,2.7142857142857144,1.9835056003551277,12,189.0,0.06480991433055251,12,189.0
60.0,15,106.0,5.0476190476190474,0.5822194999853398,14,215.0,0.014950850849853101,14,215.0
65.0,18,181.0,7.869565217391305,1.9041896997005128,17,216.0,0.021655285560598144,17,216.0
70.0,17,266.0,13.3,0.8275917952474833,16,296.0,0.03743960598847859,16,296.0
75.0,18,351.0,15.954545454545455,0.9126511287767982,17,376.0,0.026252042289052608,17,376.0
80.0,18,436.0,19.818181818181817,1.0176580318719337,17,456.0,0.02582959652669973,17,456.0
85.0,18,525.0,22.82608695652174,1.63829905932195,17,540.0,0.021716141884934093,17,540.0
90.0,17,524.0,22.782608695652176,0.6470418396745189,17,626.0,0.030178363563789144,17,626.0
95.0,12,213.0,8.875,1.6959088145171295,12,510.0,0.05854256535715267,12,510.0
100.0,12,107.0,4.458333333333333,2.6757318090940605,11,550.0,0.07257035708084097,11,550.0
105.0,14,131.0,5.695652173913044,1.2409612102438965,13,606.0,0.05596267308746907,13,606.0
110.0,18,211.0,9.173913043478262,1.0382799424465392,17,681.0,0.030625792056859454,17,681.0
115.0,19,304.0,13.217391304347826,1.3409336654279107,18,769.0,0.04442351539900526,18,769.0
120.0,19,399.0,18.136363636363637,1.3082984701957932,18,859.0,0.032955857218727326,18,859.0
125.0,18,440.0,20.952380952380953,0.7374472403282459,18,948.0,0.009772602180370023,18,948.0
130.0,12,391.0,20.57894736842105,1.9040460267734027,12,875.0,0.08939456399474244,12,875.0
135.0,9,377.0,19.842105263157894,2.4378957070858225,9,857.0,0.117683310798578,9,857.0
140.0,3,9.0,0.45,3.104972799885423,3,619.0,0.15470624176192613,3,619.0
145.0,10,40.0,1.8181818181818181,3.1264099201086837,10,424.0,0.08258972840472978,10,424.0
150.0,14,94.0,4.086956521739131,1.7012145443932642,13,432.0,0.050271992168816816,13,432.0
155.0,19,180.0,7.5,1.1683410838399986,18,513.0,0.03446315687772367,18,513.0
160.0,21,279.0,11.16,1.4675752592101292,20,607.0,0.02568431886677494,20,607.0
165.0,20,379.0,15.791666666666666,1.0574248765360814,19,702.0,0.028056006313264034,19,702.0
170.0,20,479.0,19.958333333333332,1.1068206929820135,19,797.0,0.025974388278903034,19,797.0
175.0,21,579.0,23.16,1.3899486713854867,20,892.0,0.022475721348566697,20,892.0
180.0,19,648.0,27.0,1.2306728301732317,19,987.0,0.03599614535401979,19,987.0
185.0,11,242.0,10.083333333333334,2.07894490920656,11,750.0,0.052233199489796565,11,750.0
190.0,12,92.0,4.0,1.7131273851857611,11,735.0,0.06528407885308765,11,735.0
195.0,14,114.0,4.75,1.5348509679043845,13,760.0,0.04988629828514387,13,760.0
200.0,18,190.0,7.916666666666667,1.6455914324421375,17,831.0,0.024151484395951824,17,831.0
205.0,19,280.0,11.666666666666666,1.8276707664345402,18,917.0,0.05019545232574698,18,917.0
210.0,19,375.0,16.304347826086957,1.0648153582193127,18,1007.0,0.03978436420172807,18,1007.0
215.0,20,470.0,20.434782608695652,1.2863512852422978,19,1097.0,0.02001953643355112,19,1097.0
220.0,19,565.0,24.565217391304348,1.4783215608343487,18,1187.0,0.037690776221716925,18,1187.0
225.0,18,586.0,24.416666666666668,1.4306127955670458,18,1276.0,0.036525420546542925,18,1276.0
230.0,8,100.0,4.545454545454546,1.205216670309594,7,1141.0,0.05616437642263805,7,1141.0
235.0,11,48.0,2.0,0.8218701210349373,10,1137.0,0.025327997457764748,10,1137.0
240.0,19,126.0,5.04,1.4917631941391023,18,1128.0,0.029786762935318012,18,1128.0
245.0,21,226.0,9.04,1.3334253870343022,20,1223.0,0.02680834762128048,20,1223.0
250.0,20,326.0,14.173913043478262,0.9113835306584176,19,1318.0,0.01418506348136483,19,1318.0
255.0,20,426.0,17.75,1.2641286811808468,19,1413.0,0.03473220256789459,19,1413.0
260.0,21,526.0,21.04,1.6659260904771644,20,1508.0,0.018831568979430256,20,1508.0
265.0,20,626.0,27.217391304347824,0.865630250121736,19,1603.0,0.011443147844305309,19,1603.0
270.0,18,621.0,25.875,1.1332367042224274,18,1696.0,0.026408033238936278,18,1696.0
275.0,11,208.0,9.043478260869565,1.1174424229801592,11,1491.0,0.04369282440276852,11,1491.0
280.0,14,113.0,4.708333333333333,1.7683264531134413,13,1473.0,0.0457227197499648,13,1473.0
285.0,16,148.0,6.166666666666667,1.940494194068265,15,1505.0,0.03529930442646652,15,1505.0
290.0,20,240.0,10.434782608695652,0.9980795843057847,19,1592.0,0.018940266374563003,19,1592.0
295.0,19,335.0,15.227272727272727,0.8746453564121942,18,1682.0,0.039168906193656705,18,1682.0
300.0,19,430.0,18.695652173913043,1.263181558525055,18,1772.0,0.03551716069566234,18,1772.0
305.0,20,525.0,22.82608695652174,0.975302108117024,19,1862.0,0.023447134050892715,19,1862.0
310.0,19,620.0,28.181818181818183,0.738325317162343,18,1952.0,0.04472566771602742,18,1952.0
315.0,17,636.0,27.652173913043477,0.9983395326740729,17,2041.0,0.03946850887891229,17,2041.0
320.0,9,120.0,5.454545454545454,1.2159481504151695,8,1758.0,0.05615545090476874,8,1758.0
325.0,14,65.0,2.7083333333333335,0.669556801093071,13,1767.0,0.02001672172964402,13,1767.0
330.0,20,147.0,5.653846153846154,1.7086870011320678,19,1755.0,0.01976247871765361,19,1755.0
335.0,20,247.0,10.291666666666666,1.2325790822947948,19,1850.0,0.03940057283654039,19,1850.0
340.0,20,347.0,13.88,1.7066787114277315,19,1945.0,0.027005384884929103,19,1945.0
345.0,21,447.0,18.625,0.8834945012636529,20,2040.0,0.0159836670209405,20,2040.0
350.0,20,547.0,23.782608695652176,1.0150933808470761,19,2135.0,0.014439355611230633,19,2135.0
355.0,20,647.0,28.130434782608695,1.0600972554008679,19,2230.0,0.03673844140545449,19,2230.0
360.0,18,638.0,26.583333333333332,1.0415798785127686,18,2322.0,0.02489789918918833,18,2322.0
365.0,11,207.0,8.625,1.4825844060835298,11,1769.0,0.04786395931772343,11,1769.0
370.0,12,103.0,4.478260869565218,1.3509107094827437,11,1784.0,0.06332575238368976,11,1784.0
375.0,15,128.0,5.333333333333333,1.4841845038900991,14,1762.0,0.05905073675676827,14,1762.0
380.0,18,211.0,9.173913043478262,1.1017913232583272,17,1840.0,0.04117807725824548,17,1840.0
385.0,19,305.0,13.26086956521739,1.2512602569864102,18,1929.0,0.037345514918447294,18,1929.0
390.0,20,400.0,17.391304347826086,0.7712886186082811,19,2019.0,0.02106609766774576,19,2019.0
395.0,19,495.0,22.5,0.8076120539478236,18,2109.0,0.03757221734116721,18,2109.0
400.0,19,590.0,25.652173913043477,1.1519394540056067,18,2199.0,0.030809016235969627,18,2199.0
405.0,17,610.0,26.52173913043478,1.0441558003673241,17,2288.0,0.042703934223340304,17,2288.0
410.0,7,103.0,4.681818181818182,2.288644817075101,7,1903.0,0.07904873070812496,7,1903.0
415.0,11,48.0,2.0,2.073263134250874,11,1746.0,0.05095586581044685,11,1746.0
420.0,17,119.0,4.958333333333333,1.435744031375707,16,1812.0,0.018265638540189748,16,1812.0
425.0,20,216.0,9.0,1.3002216896890704,19,1904.0,0.032722005199677905,19,1904.0
430.0,20,316.0,13.166666666666666,1.2990851162214172,19,1999.0,0.025030567189820906,19,1999.0
435.0,20,416.0,18.08695652173913,1.0799697562541202,19,2094.0,0.015073208936129364,19,2094.0
440.0,20,516.0,22.434782608695652,1.0210595248492187,19,2189.0,0.036798063120767,19,2189.0
445.0,21,616.0,25.666666666666668,0.9430741779257682,20,2284.0,0.022251921984408164,20,2284.0
450.0,18,648.0,28.17391304347826,1.031113905039473,18,2378.0,0.03432667506783253,18,2378.0
455.0,11,193.0,8.041666666666666,1.6303274731086772,11,1784.0,0.06123183439216765,11,1784.0
460.0,11,58.0,2.5217391304347827,1.0912125498240102,10,1797.0,0.05547037892780017,10,1797.0
465.0,14,124.0,5.166666666666667,1.7012081548091367,13,1777.0,0.05483549397463004,13,1777.0
470.0,18,204.0,8.16,1.7886469824879143,17,1852.0,0.0260431229217706,17,1852.0
475.0,19,298.0,13.545454545454545,0.8691459591690086,18,1941.0,0.04939789128019954,18,1941.0
480.0,19,393.0,17.08695652173913,1.2542221074207585,18,2031.0,0.04227346070116776,18,2031.0
485.0,20,488.0,21.217391304347824,0.7468718095776277,19,2121.0,0.020102073713137523,19,2121.0
490.0,19,583.0,25.347826086956523,1.2482178812835356,18,2211.0,0.04178131071322876,18,2211.0
495.0,17,602.0,26.17391304347826,1.2788703814112403,17,2300.0,0.04116214428181351,17,2300.0
500.0,12,112.0,4.869565217391305,1.3687064009842222,11,2127.0,0.06148480619678539,11,2127.0
505.0,16,86.0,3.5833333333333335,1.0695373276428393,15,2107.0,0.02723456932835026,15,2107.0
510.0,21,180.0,7.2,1.4534140823127486,20,2196.0,0.017322176193644196,20,2196.0
515.0,20,280.0,11.666666666666666,1.2685036288891787,19,2291.0,0.0354466592164965,19,2291.0
520.0,20,380.0,15.833333333333334,1.1638727343824702,19,2386.0,0.028105913088623657,19,2386.0
525.0,21,480.0,20.0,1.1902451050811507,20,2481.0,0.016645604686754887,20,2481.0
530.0,20,580.0,25.217391304347824,0.8323354122465411,19,2576.0,0.043270673430929184,19,2576.0
535.0,20,680.0,27.2,1.7100240374801503,19,2671.0,0.03642142884804206,19,2671.0
540.0,19,699.0,27.96,1.4325653384976085,19,2765.0,0.028981851194593587,19,2765.0
545.0,13,216.0,9.0,1.1544842248444827,12,2089.0,0.04338575214977441,12,2089.0
550.0,13,105.0,4.7727272727272725,1.7938958033740258,13,1523.0,0.08358617903986859,13,1523.0
555.0,11,105.0,4.7727272727272725,1.9108793304462828,10,1476.0,0.11119359425200663,10,1476.0
560.0,16,168.0,7.0,1.3108029598896664,15,1443.0,0.0527675249901855,15,1443.0
565.0,18,249.0,10.826086956521738,1.3084691069815546,17,1519.0,0.04741894060485883,17,1519.0
570.0,19,344.0,14.956521739130435,1.1980335081362938,18,1609.0,0.03658696311685901,18,1609.0
575.0,20,439.0,19.08695652173913,1.0877459082274545,19,1699.0,0.022469605522824745,19,1699.0
580.0,19,534.0,23.217391304347824,1.4489294406211741,18,1789.0,0.04663855157079995,18,1789.0
585.0,16,536.0,23.304347826086957,1.2391876103954316,16,1876.0,0.037232212143879596,16,1876.0
590.0,9,70.0,3.0434782608695654,2.137247448240248,9,1486.0,0.06719239294476015,9,1486.0
595.0,13,67.0,2.9130434782608696,1.270974511817452,12,1216.0,0.05892491064485376,12,1216.0
600.0,19,146.0,5.84,2.1321386613123603,18,1245.0,0.023863456345536497,18,1245.0
605.0,16,208.0,9.454545454545455,1.130504523661868,15,1282.0,0.049075076720755055,15,1282.0
610.0,18,292.0,11.68,1.230699961918549,17,1350.0,0.029181392563691122,17,1350.0
615.0,20,387.0,16.125,1.4631961166111527,19,1440.0,0.011538817698050732,19,1440.0
620.0,20,487.0,21.17391304347826,0.987102943638087,19,1535.0,0.04043639533394634,19,1535.0
625.0,21,587.0,25.52173913043478,0.4431337798075777,20,1630.0,0.01767149744421907,20,1630.0
630.0,18,638.0,26.583333333333332,1.2817161865708535,18,1724.0,0.030650894132342326,18,1724.0
635.0,12,208.0,8.666666666666666,1.2923751698062504,11,1401.0,0.04250354727307185,11,1401.0
640.0,13,67.0,2.7916666666666665,1.4819318488702216,12,1371.0,0.051159818341512654,12,1371.0
645.0,17,140.0,5.6,2.168394586501387,16,1355.0,0.026889395334605402,16,1355.0
650.0,19,230.0,10.0,1.1322834466186784,18,1440.0,0.04152603098520866,18,1440.0
655.0,19,325.0,14.130434782608695,1.0592739736734402,18,1530.0,0.03167209003886063,18,1530.0
660.0,20,420.0,17.5,1.3208210613221363,19,1620.0,0.018959454548872913,19,1620.0
665.0,19,515.0,22.391304347826086,1.651199152459138,18,1710.0,0.047935877118046,18,1710.0
670.0,19,610.0,26.52173913043478,1.4365988329121806,18,1800.0,0.036240035363371406,18,1800.0
675.0,18,622.0,25.916666666666668,1.5625606721501446,18,1889.0,0.039086732064652255,18,1889.0
680.0,8,117.0,5.318181818181818,2.0115381468455773,8,1731.0,0.06881284617633084,8,1731.0
685.0,12,62.0,2.6956521739130435,1.1056677297734425,11,1652.0,0.04227791478130237,11,1652.0
690.0,17,128.0,5.333333333333333,0.595365619565317,16,1681.0,0.01849445631329042,16,1681.0
695.0,20,216.0,8.64,1.167908153094416,19,1724.0,0.030187459970051667,19,1724.0
700.0,20,316.0,13.166666666666666,1.0416565540545981,19,1816.0,0.02857592198313306,19,1816.0
705.0,20,416.0,17.333333333333332,1.022467642988303,19,1911.0,0.02710028849475402,19,1911.0
710.0,21,516.0,20.64,1.5083378291789558,20,2006.0,0.02444778562306131,20,2006.0
715.0,20,616.0,25.666666666666668,1.2639975736105302,19,2101.0,0.011082713160765818,19,2101.0
720.0,18,625.0,25.0,1.4871859296136043,18,2194.0,0.028666388410484078,18,2194.0
725.0,11,212.0,8.833333333333334,1.7885167301675746,11,1530.0,0.06427294833429911,11,1530.0
730.0,12,71.0,3.0869565217391304,2.191644593028769,11,1505.0,0.07085468039072772,11,1505.0
735.0,14,137.0,5.956521739130435,1.6334056488742708,13,1527.0,0.05431597363082121,13,1527.0
740.0,19,218.0,9.478260869565217,1.3624707998685597,18,1603.0,0.01897539875047532,18,1603.0
745.0,19,313.0,13.608695652173912,1.4485410702098485,18,1693.0,0.04650790655599857,18,1693.0
750.0,19,408.0,17.73913043478261,1.0968963152043287,18,1783.0,0.037192727123291684,18,1783.0
755.0,20,503.0,21.869565217391305,1.029588585728094,19,1873.0,0.020315616292711617,19,1873.0
760.0,19,598.0,26.0,1.2533602307886815,18,1963.0,0.0432604749841624,18,1963.0
765.0,16,580.0,25.217391304347824,1.2543897552188368,16,2050.0,0.04116989285474766,16,2050.0
770.0,7,76.0,3.4545454545454546,2.3086548289035607,7,1822.0,0.08236558947231165,7,1822.0
775.0,10,55.0,2.2916666666666665,2.5070739283921664,10,1639.0,0.07492457224691677,10,1639.0
780.0,17,127.0,5.291666666666667,0.5762482852474385,16,1706.0,0.022278551521013962,16,1706.0
785.0,20,222.0,8.88,1.7663504430799402,19,1796.0,0.015721441649160152,19,1796.0
790.0,20,322.0,13.416666666666666,1.2608221269193876,19,1891.0,0.030676250519776526,19,1891.0
795.0,21,422.0,16.88,1.4881454235494889,20,1986.0,0.01824094508499947,20,1986.0
800.0,20,522.0,21.75,1.3073658829889052,19,2081.0,0.02986286116390356,19,2081.0
805.0,20,622.0,25.916666666666668,1.1149948613003275,19,2176.0,0.02765914369525682,19,2176.0
810.0,18,624.0,26.0,0.9828110257638359,18,2268.0,0.027691910652375126,18,2268.0
815.0,12,208.0,8.666666666666666,1.0294915095594595,11,1645.0,0.03686396188958504,11,1645.0
820.0,13,76.0,3.4545454545454546,1.4080562597564126,12,1227.0,0.06436208472877876,12,1227.0
825.0,11,104.0,4.7272727272727275,1.9618584582736056,10,1235.0,0.10110535531003499,10,1235.0
830.0,16,168.0,6.72,2.05303766558399,15,1200.0,0.07179099952732315,15,1200.0
835.0,17,246.0,10.25,1.675279297552929,16,1229.0,0.03955144403496881,16,1229.0
840.0,19,340.0,14.782608695652174,1.208866099391722,18,1318.0,0.029263293060639822,18,1318.0
845.0,20,435.0,18.91304347826087,0.9550468562689227,19,1408.0,0.023600589922620784,19,1408.0
850.0,19,530.0,23.043478260869566,1.1493842127112062,18,1498.0,0.03241597768908567,18,1498.0
855.0,17,562.0,24.434782608695652,0.9630957810139248,17,1587.0,0.03922852490377958,17,1587.0
860.0,8,90.0,4.090909090909091,2.214309723946119,8,1363.0,0.07749117686637157,8,1363.0
865.0,12,58.0,2.5217391304347827,1.7093044467488092,11,1254.0,0.06941423824855911,11,1254.0
870.0,18,132.0,5.5,1.0608918636199147,17,1323.0,0.02678540890936811,17,1323.0
875.0,20,229.0,9.541666666666666,1.686491202814793,19,1415.0,0.019706686454797694,19,1415.0
880.0,20,329.0,14.304347826086957,0.5693585765067875,19,1510.0,0.025568588101658258,19,1510.0
885.0,21,429.0,17.16,1.3010923188600605,20,1605.0,0.0184823023942658,20,1605.0
890.0,20,529.0,23.0,0.982266196796319,19,1700.0,0.014884739605207798,19,1700.0
895.0,20,629.0,26.208333333333332,1.0693397393731319,19,1795.0,0.030824963806006158,19,1795.0
900.0,19,659.0,27.458333333333332,0.7831702468707308,19,1889.0,0.025528497268311887,19,1889.0
905.0,10,198.0,8.608695652173912,0.49566816049678186,9,1610.0,0.03284875796352594,9,1610.0
910.0,15,97.0,4.041666666666667,1.0691043652831476,14,1581.0,0.03871038540720431,14,1581.0
915.0,17,137.0,5.708333333333333,1.508257503627623,16,1573.0,0.040837554984994494,16,1573.0
920.0,19,227.0,9.869565217391305,0.9660814428516219,18,1659.0,0.030396901121568475,18,1659.0
925.0,20,322.0,13.416666666666666,1.6268822969259495,19,1749.0,0.017516541939792622,19,1749.0
930.0,19,417.0,18.130434782608695,1.4171913722740164,18,1839.0,0.04583124715373944,18,1839.0
935.0,19,512.0,22.26086956521739,1.1620875525195042,18,1929.0,0.029383645183390462,18,1929.0
940.0,20,607.0,26.391304347826086,0.9769930178236675,19,2019.0,0.01974954961482982,19,2019.0
945.0,17,622.0,27.043478260869566,1.4397463853218397,17,2108.0,0.03699304414506942,17,2108.0
950.0,8,113.0,4.913043478260869,1.9764707810220694,7,1927.0,0.062318237095257835,7,1927.0
955.0,14,60.0,2.4,1.696409951658077,13,1891.0,0.036003270051379314,13,1891.0
960.0,20,151.0,6.565217391304348,0.729083917616565,19,1978.0,0.01601918801236491,19,1978.0
965.0,20,251.0,10.458333333333334,1.4805946295387915,19,2073.0,0.026574651942839995,19,2073.0
970.0,21,351.0,14.625,1.1694049387154224,20,2168.0,0.021977715236150934,20,2168.0
975.0,20,451.0,19.608695652173914,1.1953492045697687,19,2263.0,0.01793790833667275,19,2263.0
980.0,20,551.0,23.956521739130434,0.9562559392294061,19,2358.0,0.032640169822307545,19,2358.0
985.0,21,651.0,27.125,1.178450803170498,20,2453.0,0.027228788424208956,20,2453.0
990.0,18,671.0,29.17391304347826,0.9872675759410837,18,2547.0,0.029582354381149208,18,2547.0
995.0,13,213.0,8.875,1.100753114148903,12,1863.0,0.043658541272521646,12,1863.0
1000.0,15,117.0,5.086956521739131,1.4666220392036848,14,1668.0,0.06645281045236179,14,1668.0
1005.0,14,145.0,6.904761904761905,1.7781621279145554,13,1330.0,0.09854043407073257,13,1330.0
1010.0,15,215.0,10.238095238095237,1.1294068181491892,14,1105.0,0.08664425655371662,14,1105.0
1015.0,12,197.0,8.954545454545455,1.7075455748198123,11,1104.0,0.07663480020358707,11,1104.0
1020.0,16,265.0,10.6,2.2768557420397264,15,1059.0,0.07281489512130211,15,1059.0
1025.0,19,349.0,15.173913043478262,1.2009751889383506,18,1086.0,0.03841403456802917,18,1086.0
1030.0,19,444.0,19.304347826086957,0.9363501469767981,18,1176.0,0.0343467616279574,18,1176.0
1035.0,19,514.0,22.347826086956523,0.8491830582778518,19,1266.0,0.03651498432933557,19,1266.0
1040.0,7,77.0,3.347826086956522,2.607240063156351,7,879.0,0.08542906713332682,7,879.0
1045.0,14,46.0,1.9166666666666667,1.1999720727954692,13,690.0,0.04415442021380711,13,690.0
1050.0,17,120.0,5.217391304347826,0.7930496805154287,16,760.0,0.03903372531443129,16,760.0
1055.0,20,218.0,9.083333333333334,1.0171670576556677,19,853.0,0.030466195692016976,19,853.0
1060.0,21,318.0,13.25,0.8971813238995612,20,948.0,0.0212531551034335,20,948.0
1065.0,20,418.0,17.416666666666668,1.4062908273709225,19,1043.0,0.011678295998823564,19,1043.0
1070.0,20,518.0,21.583333333333332,1.050505195946461,19,1138.0,0.032929998511451,19,1138.0
1075.0,21,618.0,25.75,1.0549647747619417,20,1233.0,0.014972765005400205,20,1233.0
1080.0,19,681.0,28.375,1.473761184058737,19,1328.0,0.023135073641214317,19,1328.0
1085.0,9,191.0,7.958333333333333,2.2228386708290406,9,913.0,0.06539750013483843,9,913.0
1090.0,11,43.0,1.9545454545454546,1.5836414877779932,10,877.0,0.07496624576138206,10,877.0
1095.0,14,106.0,4.608695652173913,1.7477705139806157,13,895.0,0.05663570504778216,13,895.0
1100.0,19,186.0,7.75,1.491022682808467,18,970.0,0.021142522441218035,18,970.0
1105.0,19,281.0,12.217391304347826,1.803034715544807,18,1060.0,0.04731483688416826,18,1060.0
1110.0,19,376.0,16.347826086956523,1.3494361055398487,18,1150.0,0.033097890656655936,18,1150.0
1115.0,20,471.0,19.625,2.023182889330567,19,1240.0,0.014448116881746059,19,1240.0
1120.0,19,566.0,24.608695652173914,1.708564252464702,18,1330.0,0.039657626165297236,18,1330.0
1125.0,18,586.0,25.47826086956522,1.0387943437275222,18,1419.0,0.031588300724091425,18,1419.0
1130.0,8,103.0,4.681818181818182,1.5091288528594924,7,1189.0,0.06542971275346111,7,1189.0
1135.0,13,59.0,2.4583333333333335,1.0746603105202739,12,1156.0,0.03891439707323127,12,1156.0
1140.0,20,147.0,5.653846153846154,1.7917096449020007,19,1239.0,0.017946629147206822,19,1239.0
1145.0,20,247.0,10.291666666666666,1.4583945673774679,19,1334.0,0.015259017990780254,19,1334.0
1150.0,20,347.0,14.458333333333334,1.2278975629055875,19,1429.0,0.034803247802949314,19,1429.0
1155.0,20,447.0,17.88,1.4313660629019245,19,1524.0,0.02404736401948961,19,1524.0
1160.0,20,547.0,22.791666666666668,1.2738509100605364,19,1619.0,0.03473912630858169,19,1619.0
1165.0,20,647.0,26.958333333333332,1.0493188413103873,19,1714.0,0.0321526047678801,19,1714.0
1170.0,18,667.0,29.0,1.0301230225620148,18,1808.0,0.03444169563986131,18,1808.0
1175.0,11,201.0,8.73913043478261,1.2088119167111433,10,1599.0,0.04177331730323901,10,1599.0
1180.0,13,61.0,2.652173913043478,1.3036435578594885,12,1575.0,0.05075197849830978,12,1575.0
1185.0,17,139.0,6.043478260869565,1.6085212917542524,16,1609.0,0.039866821530460374,16,1609.0
1190.0,20,230.0,9.583333333333334,1.2913984792532212,19,1695.0,0.021636096718012057,19,1695.0
1195.0,19,325.0,14.772727272727273,0.6738474109986342,18,1785.0,0.03465515455648279,18,1785.0
1200.0,19,420.0,18.26086956521739,1.6308835638754566,18,1875.0,0.035151469656176174,18,1875.0
1205.0,20,515.0,21.458333333333332,1.8093037139599188,19,1965.0,0.0193303721502285,19,1965.0
1210.0,19,610.0,26.52173913043478,1.3830477135902648,18,2055.0,0.03681474432913943,18,2055.0
1215.0,16,587.0,25.52173913043478,1.1796293916639038,16,2142.0,0.039625436749090276,16,2142.0
1220.0,9,81.0,3.5217391304347827,1.4218340005955141,8,1793.0,0.05792370175440812,8,1793.0
1225.0,14,67.0,2.9130434782608696,0.48801297312557546,13,1699.0,0.03085555216204016,13,1699.0
1230.0,18,137.0,5.48,1.2237294255297035,17,1684.0,0.02025583696897861,17,1684.0
1235.0,21,236.0,9.833333333333334,0.7083480251182196,20,1736.0,0.019149827344447617,20,1736.0
1240.0,20,336.0,13.44,2.0580629699013677,19,1831.0,0.013241314198863171,19,1831.0
1245.0,20,436.0,18.956521739130434,0.6480406407661597,19,1926.0,0.03272958552023514,19,1926.0
1250.0,21,536.0,23.304347826086957,0.5690879279007673,20,2021.0,0.01764256170269382,20,2021.0
1255.0,20,636.0,26.5,1.307772982127046,19,2116.0,0.03371283840815321,19,2116.0
1260.0,19,667.0,26.68,1.6285213090277582,19,2211.0,0.028888967253468067,19,2211.0
1265.0,10,204.0,8.869565217391305,1.5730049742177703,10,1748.0,0.06113729646789068,10,1748.0
1270.0,12,100.0,4.3478260869565215,1.0611924552435195,11,1762.0,0.054536486360124356,11,1762.0
1275.0,14,125.0,5.208333333333333,1.6815400189981637,13,1737.0,0.05713487988572129,13,1737.0
1280.0,18,207.0,8.625,1.247053590782475,17,1814.0,0.04585828604414842,17,1814.0
1285.0,20,300.0,12.5,1.3455107507323645,19,1902.0,0.015654391617684338,19,1902.0
1290.0,19,395.0,17.17391304347826,1.6057575566143445,18,1992.0,0.05042635201390355,18,1992.0
1295.0,19,490.0,21.304347826086957,1.1608998954364689,18,2082.0,0.037847626210358844,18,2082.0
1300.0,20,585.0,25.434782608695652,0.9094570573337161,19,2172.0,0.03989523628745592,19,2172.0
1305.0,17,569.0,24.73913043478261,1.0607915732659252,17,2260.0,0.039072118999655965,17,2260.0
1310.0,9,82.0,3.5652173913043477,1.9553970653583383,9,1918.0,0.05186424359967669,9,1918.0
1315.0,12,70.0,3.0434782608695654,0.5551132699235467,12,1892.0,0.03860343602624909,12,1892.0
1320.0,18,144.0,5.76,1.182334609576574,17,1875.0,0.020457867713560726,17,1875.0
1325.0,21,243.0,9.72,1.117016504154069,20,1969.0,0.031134306709534376,20,1969.0
1330.0,20,343.0,13.72,1.6205937561275379,19,2064.0,0.03837454336054513,19,2064.0
1335.0,20,443.0,18.458333333333332,1.1226849441075188,19,2159.0,0.023700561955544416,19,2159.0
1340.0,21,543.0,21.72,1.463020519532214,20,2254.0,0.019318938676867268,20,2254.0
1345.0,20,643.0,27.956521739130434,0.9959917604732447,19,2349.0,0.01063211455647661,19,2349.0
1350.0,18,644.0,26.833333333333332,1.1444659483383692,18,2442.0,0.025189623292441645,18,2442.0
1355.0,10,210.0,9.130434782608695,1.700302263281813,10,1826.0,0.07408660696478377,10,1826.0
1360.0,12,67.0,2.9130434782608696,0.8752830613098476,11,1840.0,0.04218853140455525,11,1840.0
1365.0,15,133.0,5.541666666666667,1.4193608812835203,14,1860.0,0.05708952318436059,14,1860.0
1370.0,19,216.0,9.0,1.3194184185173572,18,1896.0,0.04548436055106758,18,1896.0
1375.0,19,309.0,13.434782608695652,1.2467965652024413,18,1985.0,0.04298685854017363,18,1985.0
1380.0,19,404.0,17.565217391304348,0.9744438852539652,18,2075.0,0.036113563252191276,18,2075.0
1385.0,20,499.0,21.695652173913043,1.1682922742734048,19,2165.0,0.02833645982187965,19,2165.0
1390.0,19,594.0,24.75,1.7157060557826547,18,2255.0,0.04906690021540781,18,2255.0
1395.0,16,576.0,25.043478260869566,1.081704091943333,16,2342.0,0.03618199178098101,16,2342.0
1400.0,8,77.0,3.347826086956522,2.1766882813450037,8,2042.0,0.07643879529185127,8,2042.0
1405.0,12,63.0,2.739130434782609,1.3269086647581678,11,1901.0,0.05482357093962059,11,1901.0
1410.0,18,135.0,5.625,0.8880020427494274,17,1931.0,0.02424407094962568,17,1931.0
1415.0,19,212.0,8.48,1.1345614003116498,18,1963.0,0.021941541540916716,18,1963.0
1420.0,21,311.0,12.44,1.0399530072329337,20,2054.0,0.03154875171455831,20,2054.0
1425.0,20,411.0,17.125,1.138088766711924,19,2149.0,0.032456355144947345,19,2149.0
1430.0,20,511.0,21.291666666666668,1.1156844583935297,19,2244.0,0.031915947836767766,19,2244.0
1435.0,21,611.0,25.458333333333332,0.950534029839664,20,2339.0,0.016116657147726865,20,2339.0
1440.0,19,680.0,28.333333333333332,1.3601289443207676,19,2434.0,0.02467071547903456,19,2434.0
1445.0,8,197.0,8.208333333333334,2.1589924860911736,8,1673.0,0.052559524807426976,8,1673.0
1450.0,12,49.0,2.130434782608696,2.19776817592596,11,1091.0,0.08224768171994377,11,1091.0
1455.0,13,98.0,4.454545454545454,1.3054578611899,12,1100.0,0.06726239185790428,12,1100.0
1460.0,14,159.0,6.913043478260869,1.3970426037936088,13,1071.0,0.05633070462911917,13,1071.0
1465.0,17,237.0,9.875,1.5759058806365276,16,1142.0,0.03624114607786134,16,1142.0
1470.0,20,331.0,14.391304347826088,1.072972829551163,19,1231.0,0.017052923122439095,19,1231.0
1475.0,19,426.0,19.363636363636363,1.2642070007410253,18,1321.0,0.04539360407155631,18,1321.0
1480.0,19,521.0,22.652173913043477,1.1785109276792283,18,1411.0,0.03300132890989825,18,1411.0
1485.0,18,551.0,23.956521739130434,1.098351579794587,18,1500.0,0.03762167664541211,18,1500.0
1490.0,7,88.0,4.0,2.265957604983382,7,1324.0,0.0851990488138788,7,1324.0
1495.0,11,58.0,2.4166666666666665,1.6614418658746013,10,1287.0,0.053337388394437524,10,1287.0
1500.0,21,143.0,6.217391304347826,0.5789034818375619,20,1367.0,0.0169114642695268,20,1367.0
1505.0,20,243.0,10.125,1.551226838291987,19,1462.0,0.010201919603365002,19,1462.0
1510.0,20,343.0,14.91304347826087,0.7811670984873544,19,1557.0,0.03280017488732937,19,1557.0
1515.0,21,443.0,17.72,1.4998616917952137,20,1652.0,0.01997100778610312,20,1652.0
1520.0,20,543.0,23.608695652173914,0.9524090400805146,19,1747.0,0.010600609193017096,19,1747.0
1525.0,20,643.0,26.791666666666668,1.4947680082820511,19,1842.0,0.03401726276350326,19,1842.0
1530.0,18,629.0,27.347826086956523,0.6392985921975908,18,1934.0,0.029761557996728437,18,1934.0
1535.0,11,202.0,8.416666666666666,1.7561681453139784,11,1313.0,0.047370455369385334,11,1313.0
1540.0,10,58.0,2.6363636363636362,1.5488725729508672,9,1113.0,0.07875200386113343,9,1113.0
1545.0,12,115.0,5.0,2.2187104270026277,11,1085.0,0.0780648611218827,11,1085.0
1550.0,15,183.0,7.625,1.6798806270955973,14,1148.0,0.042122892515423296,14,1148.0
1555.0,19,267.0,11.608695652173912,1.0015351229459828,18,1227.0,0.04414739610512415,18,1227.0
1560.0,19,362.0,15.083333333333334,2.0312477372350153,18,1317.0,0.05655356458957448,18,1317.0
1565.0,19,457.0,19.041666666666668,1.584031249136353,18,1407.0,0.03411040298050714,18,1407.0
1570.0,20,552.0,24.0,1.3319553760038616,19,1497.0,0.02252925846836394,19,1497.0
1575.0,18,611.0,26.565217391304348,1.7332521991707233,18,1587.0,0.036657155353947916,18,1587.0
1580.0,8,118.0,5.130434782608695,1.9369380251950103,7,1299.0,0.06896190267584129,7,1299.0
1585.0,12,45.0,1.875,1.0717311145723607,11,1223.0,0.036792432699469156,11,1223.0
1590.0,17,104.0,4.16,1.2212950303447898,16,1196.0,0.018001183119069557,16,1196.0
1595.0,21,202.0,8.08,1.2235668377331186,20,1243.0,0.018335747934104363,20,1243.0
1600.0,20,302.0,12.583333333333334,1.4173928044931712,19,1338.0,0.012660774021884178,19,1338.0
1605.0,20,402.0,16.75,0.9978330005433603,19,1433.0,0.031798585214769796,19,1433.0
1610.0,21,502.0,20.08,1.3214388806288604,20,1528.0,0.023256524421848657,20,1528.0
1615.0,20,602.0,25.083333333333332,1.1419746025013542,19,1623.0,0.03506182769436945,19,1623.0
1620.0,17,600.0,24.0,1.5489304672486093,17,1715.0,0.02875791787790904,17,1715.0
1625.0,13,203.0,8.458333333333334,1.1543728441001195,12,1441.0,0.037851489717525125,12,1441.0
1630.0,13,77.0,3.347826086956522,1.2247626197175348,12,1424.0,0.045176200755171494,12,1424.0
1635.0,17,155.0,6.739130434782608,0.9779920997981174,16,1458.0,0.024717232993157846,16,1458.0
1640.0,19,246.0,10.695652173913043,1.3423089089095241,18,1545.0,0.04378420544526186,18,1545.0
1645.0,19,341.0,14.826086956521738,1.2787691039748978,18,1634.0,0.03374083693244834,18,1634.0
1650.0,20,436.0,18.956521739130434,1.281885367800334,19,1724.0,0.01712133591317086,19,1724.0
1655.0,19,531.0,23.08695652173913,1.5346863981010679,18,1814.0,0.043522925308214735,18,1814.0
1660.0,19,626.0,27.217391304347824,1.6259063344107747,18,1904.0,0.03976655284522583,18,1904.0
1665.0,18,639.0,26.625,1.607988264881769,18,1993.0,0.03421929452308451,18,1993.0
1670.0,7,115.0,5.2272727272727275,1.969615067552614,7,1686.0,0.08698737713526976,7,1686.0
1675.0,13,60.0,2.5,0.5731389466803414,12,1691.0,0.02254469349331933,12,1691.0
1680.0,20,141.0,5.423076923076923,1.633815709585395,19,1727.0,0.038594415863984106,19,1727.0
1685.0,20,241.0,10.041666666666666,1.1256467200457585,19,1822.0,0.03373500844138116,19,1822.0
1690.0,20,341.0,14.208333333333334,1.2298296673354097,19,1917.0,0.03333025842885354,19,1917.0
1695.0,21,441.0,17.64,1.5195837755079389,20,2012.0,0.021522964204392377,20,2012.0
1700.0,20,541.0,23.52173913043478,0.7680379793316172,19,2107.0,0.015894095920345536,19,2107.0
1705.0,20,641.0,26.708333333333332,1.069495199491094,19,2202.0,0.026983160525345457,19,2202.0
1710.0,19,666.0,26.64,1.2525743538166105,19,2296.0,0.027651373273969646,19,2296.0
1715.0,11,203.0,8.458333333333334,1.8982535487736956,10,1976.0,0.04886827179982898,10,1976.0
1720.0,14,70.0,2.8,2.156884534861646,13,1953.0,0.06009402383196205,13,1953.0
1725.0,17,148.0,6.166666666666667,1.8488316055468346,16,1985.0,0.037924030310848234,16,1985.0
1730.0,20,242.0,10.521739130434783,0.886381389821903,19,2074.0,0.03623786745480992,19,2074.0
1735.0,19,337.0,14.652173913043478,1.3118430867556952,18,2164.0,0.03894498514046163,18,2164.0
1740.0,19,432.0,18.0,1.9824300842836904,18,2254.0,0.0375611283952481,18,2254.0
1745.0,20,527.0,22.91304347826087,1.2520940301866772,19,2344.0,0.024120500515297703,19,2344.0
1750.0,19,622.0,27.043478260869566,1.6641109208325755,18,2434.0,0.04997651741779694,18,2434.0
1755.0,16,598.0,26.0,1.3528963616584948,16,2521.0,0.04138339551044598,16,2521.0
1760.0,6,79.0,3.590909090909091,1.8041862016422627,6,2174.0,0.07094337718495339,6,2174.0
1765.0,15,60.0,2.5,0.8842357554310749,14,2180.0,0.027560335000929883,14,2180.0
1770.0,19,145.0,6.041666666666667,0.9546010613046843,18,2219.0,0.023611735274871194,18,2219.0
1775.0,21,244.0,10.166666666666666,1.1958574107469526,20,2313.0,0.020005536434995922,20,2313.0
1780.0,20,344.0,14.956521739130435,0.7714263619271119,19,2408.0,0.012705918928354109,19,2408.0
1785.0,20,444.0,17.76,1.70327915013135,19,2503.0,0.03017390032779908,19,2503.0
1790.0,21,544.0,22.666666666666668,1.2349113481605938,20,2598.0,0.01690912654528151,20,2598.0
1795.0,20,644.0,28.0,0.8914982860168976,19,2693.0,0.030836446399496415,19,2693.0
1800.0,18,632.0,26.333333333333332,1.1476798417311531,18,2785.0,0.028104156872775055,18,2785.0
1805.0,11,204.0,8.5,1.8538018399095968,11,2125.0,0.0649145359421264,11,2125.0
1810.0,11,58.0,2.6363636363636362,2.156231752964133,10,1555.0,0.10405790788507767,10,1555.0
1815.0,13,116.0,5.523809523809524,2.1212402068114753,12,1124.0,0.11060879837070133,12,1124.0
1820.0,14,186.0,8.857142857142858,1.944987337318181,13,784.0,0.09113056295764031,13,784.0
1825.0,14,256.0,12.8,2.849459773156386,13,695.0,0.12700932861993605,13,695.0
1830.0,13,272.0,13.6,1.409815186308879,12,701.0,0.0767520727770157,12,701.0
1835.0,14,303.0,14.428571428571429,1.5176457181046334,13,687.0,0.07138263642583732,13,687.0
1840.0,16,375.0,16.304347826086957,1.692205786494206,15,739.0,0.05537642127085453,15,739.0
1845.0,18,443.0,20.136363636363637,0.9060651061305254,18,819.0,0.03782699795405955,18,819.0
1850.0,8,38.0,1.6521739130434783,2.422877287380578,8,433.0,0.06347433503178268,8,433.0
1855.0,13,46.0,1.9166666666666667,1.413872707438396,12,389.0,0.041819554515413616,12,389.0
1860.0,18,121.0,5.260869565217392,0.7850904585268313,17,460.0,0.013803172468232257,17,460.0
1865.0,20,219.0,9.125,1.3455178632790092,19,553.0,0.03806067258546263,19,553.0
1870.0,21,319.0,12.76,1.6041800003660163,20,648.0,0.016355551376720016,20,648.0
1875.0,20,419.0,18.217391304347824,0.6523841251196206,19,743.0,0.010455643487540453,19,743.0
1880.0,20,519.0,21.625,1.185087259219927,19,838.0,0.028284899682246456,19,838.0
1885.0,21,619.0,24.76,1.4965600694737855,20,933.0,0.0186325314493091,20,933.0
1890.0,18,612.0,25.5,0.9994340485791732,18,1027.0,0.019398859040696506,18,1027.0
1895.0,10,199.0,8.652173913043478,1.1641889736369402,10,928.0,0.041867780413803755,10,928.0
1900.0,12,61.0,2.652173913043478,1.4043412578587273,11,898.0,0.06542648718633925,11,898.0
1905.0,15,128.0,5.333333333333333,1.8382591652355131,14,881.0,0.05614152371537264,14,881.0
1910.0,19,211.0,9.173913043478262,0.8163617722105575,18,959.0,0.02588455139646702,18,959.0
1915.0,19,305.0,13.863636363636363,1.1664205656033395,18,1048.0,0.044033871165610715,18,1048.0
1920.0,19,400.0,17.391304347826086,1.1907042439732278,18,1138.0,0.026527557697347926,18,1138.0
1925.0,20,495.0,21.52173913043478,1.1813142442720477,19,1228.0,0.01736309890375641,19,1228.0
1930.0,19,590.0,25.652173913043477,1.619830451369267,18,1318.0,0.044551553914880075,18,1318.0
1935.0,17,611.0,26.565217391304348,1.0642687079431117,17,1407.0,0.0413885572894447,17,1407.0
1940.0,8,103.0,4.478260869565218,2.178622889859841,8,1020.0,0.08006000947069214,8,1020.0
1945.0,11,48.0,2.0,2.7410345073502533,11,784.0,0.07874157434827345,11,784.0
1950.0,13,108.0,4.695652173913044,2.214563312315313,13,802.0,0.07876440162959407,13,802.0
1955.0,18,187.0,7.48,0.9851004744435571,17,877.0,0.029066296048876897,17,877.0
1960.0,20,281.0,11.24,1.5213911190522351,19,966.0,0.0282137593689578,19,966.0
1965.0,20,381.0,15.875,1.127764505836741,19,1061.0,0.03519744091655779,19,1061.0
1970.0,21,481.0,20.041666666666668,1.0685999631624137,20,1156.0,0.014029338346142138,20,1156.0
1975.0,20,581.0,25.26086956521739,1.0967511784129054,19,1251.0,0.04008251929142929,19,1251.0
1980.0,17,601.0,25.041666666666668,1.0659614122066288,17,1343.0,0.025670538274372587,17,1343.0
1985.0,13,203.0,8.458333333333334,1.0722517961822806,12,1185.0,0.03416833908216799,12,1185.0
1990.0,13,76.0,3.1666666666666665,1.7027831633522095,12,1164.0,0.04997820883532508,12,1164.0
1995.0,17,153.0,6.375,1.6993369777772225,16,1194.0,0.04168473203625342,16,1194.0
2000.0,20,245.0,10.652173913043478,1.078048037148428,19,1281.0,0.02219507031172343,19,1281.0
2005.0,19,340.0,14.782608695652174,1.6338896846620632,18,1371.0,0.057261805422224386,18,1371.0
2010.0,19,435.0,18.91304347826087,1.0570694709896642,18,1461.0,0.03424133722931272,18,1461.0
2015.0,20,530.0,23.043478260869566,0.8306518264395603,19,1551.0,0.02296294321891106,19,1551.0
2020.0,19,625.0,28.40909090909091,1.1522300517234356,18,1641.0,0.053473802728534456,18,1641.0
2025.0,16,601.0,25.041666666666668,1.6660714876840947,16,1728.0,0.03438480487467424,16,1728.0
2030.0,6,80.0,3.6363636363636362,1.979565098756467,6,1552.0,0.0635847138580696,6,1552.0
2035.0,11,59.0,2.4583333333333335,1.1696540477307606,10,1489.0,0.049852638587101795,10,1489.0
2040.0,17,129.0,5.16,0.7343118131772246,16,1514.0,0.01615448919526082,16,1514.0
2045.0,20,227.0,9.458333333333334,1.2385187438230292,19,1607.0,0.02801102280540105,19,1607.0
2050.0,21,327.0,13.625,1.1182920436452641,20,1702.0,0.017919064878358194,20,1702.0
2055.0,20,427.0,18.565217391304348,0.9786116736020074,19,1797.0,0.012329602933623757,19,1797.0
2060.0,20,527.0,22.91304347826087,1.0129904698712102,19,1892.0,0.03322972576098763,19,1892.0
2065.0,21,627.0,27.26086956521739,0.8224189814868504,20,1987.0,0.021558372986183676,20,1987.0
2070.0,18,659.0,28.652173913043477,1.1695662801759041,18,2081.0,0.03729590967009436,18,2081.0
2075.0,11,199.0,8.291666666666666,1.9932209650379553,11,1635.0,0.05590123062384733,11,1635.0
2080.0,10,55.0,2.5,2.4584060284153573,9,1399.0,0.1093177835573108,9,1399.0
2085.0,14,114.0,4.956521739130435,1.7794466088752663,13,1412.0,0.05653470666094519,13,1412.0
2090.0,16,190.0,8.26086956521739,1.6280530289562014,15,1483.0,0.049005121870211416,15,1483.0
2095.0,19,280.0,12.173913043478262,1.4787665350138683,18,1568.0,0.03776310052330423,18,1568.0
2100.0,20,375.0,15.625,1.4598514687890185,19,1658.0,0.02068803196809678,19,1658.0
2105.0,19,470.0,21.363636363636363,1.3090775986296395,18,1748.0,0.05302049810734355,18,1748.0
2110.0,19,565.0,24.565217391304348,1.38889570333622,18,1838.0,0.023447720289738343,18,1838.0
2115.0,19,623.0,25.958333333333332,1.644383766698785,19,1928.0,0.03901782834080868,19,1928.0
2120.0,7,124.0,5.391304347826087,2.6698458195444568,7,1635.0,0.09355251268574558,7,1635.0
2125.0,11,43.0,1.7916666666666667,1.2308490298513197,10,1602.0,0.04484994093505114,10,1602.0
2130.0,18,118.0,4.72,1.7434758465629374,17,1591.0,0.04253168036671625,17,1591.0
2135.0,20,217.0,9.041666666666666,1.1606422395454579,19,1685.0,0.03297651786974077,19,1685.0
2140.0,21,317.0,13.208333333333334,0.9360044435096603,20,1780.0,0.01954907637825352,20,1780.0
2145.0,20,417.0,17.375,1.2899373652738426,19,1875.0,0.016064874624582306,19,1875.0
2150.0,20,517.0,21.541666666666668,1.3488517246513492,19,1970.0,0.03063258692626629,19,1970.0
2155.0,21,617.0,24.68,1.4079217269710893,20,2065.0,0.019669078944584414,20,2065.0
2160.0,18,647.0,28.130434782608695,1.017678371081036,18,2159.0,0.030280776636379597,18,2159.0
2165.0,10,200.0,8.333333333333334,2.454773934453307,10,1581.0,0.06371905791096844,10,1581.0
2170.0,11,49.0,2.227272727272727,2.153233642084246,10,1098.0,0.1002605630081278,10,1098.0
2175.0,14,112.0,5.333333333333333,2.7147351740108836,13,756.0,0.1289402514562951,13,756.0
2180.0,15,182.0,9.1,1.8514682745942135,14,640.0,0.10257286927174843,14,640.0
2185.0,14,252.0,13.263157894736842,1.1010591887222965,13,597.0,0.08683965015730863,13,597.0
2190.0,12,232.0,11.047619047619047,2.0060064406737443,11,598.0,0.10425563623295148,11,598.0
2195.0,15,297.0,12.375,2.4393581270270412,14,548.0,0.08367850998491441,14,548.0
2200.0,17,375.0,15.625,1.527506448034859,16,606.0,0.05499888075537827,16,606.0
2205.0,17,414.0,18.0,1.3903151239414104,17,689.0,0.03415497230500807,17,689.0
2210.0,9,36.0,1.565217391304348,1.0949919745337666,8,430.0,0.05448002437649081,8,430.0
2215.0,14,71.0,2.9583333333333335,0.804452714462799,13,441.0,0.028008749849557497,13,441.0
2220.0,20,154.0,5.923076923076923,2.136242365841642,19,437.0,0.024297334392086378,19,437.0
2225.0,21,254.0,10.583333333333334,1.1431255047126738,20,532.0,0.0216579500218493,20,532.0
2230.0,20,354.0,15.391304347826088,1.0981041543782604,19,627.0,0.014643818364456423,19,627.0
2235.0,20,454.0,18.916666666666668,1.435214144663143,19,722.0,0.026959142381279572,19,722.0
2240.0,21,554.0,23.083333333333332,0.9501945809490421,20,817.0,0.01963929823699361,20,817.0
2245.0,20,654.0,28.434782608695652,0.7830368964046192,19,912.0,0.010699236896860673,19,912.0
2250.0,18,645.0,26.875,1.1071610649942365,18,1005.0,0.026073357186479393,18,1005.0
2255.0,12,209.0,8.708333333333334,1.9248122952367808,12,860.0,0.059501765660820126,12,860.0
2260.0,11,64.0,2.782608695652174,1.8618508474973312,10,831.0,0.08186048229757417,10,831.0
2265.0,13,124.0,5.391304347826087,2.0306973301675098,12,843.0,0.0724969986804064,12,843.0
2270.0,17,201.0,8.73913043478261,1.5464489127945995,16,915.0,0.03195304322711513,16,915.0
2275.0,20,293.0,12.73913043478261,1.2122921616858513,19,1002.0,0.024214781961369867,19,1002.0
2280.0,19,388.0,16.869565217391305,1.3096354972502098,18,1092.0,0.04174057579219859,18,1092.0
2285.0,20,484.0,21.043478260869566,0.9344520966099092,19,1183.0,0.019754172919025488,19,1183.0
2290.0,19,578.0,26.272727272727273,0.9004301104919762,18,1273.0,0.04968661458174443,18,1273.0
2295.0,16,568.0,24.695652173913043,1.1548559488336358,16,1359.0,0.035668046543780065,16,1359.0
2300.0,8,76.0,3.4545454545454546,2.3255194390648075,8,1022.0,0.07425786768798964,8,1022.0
2305.0,12,66.0,2.869565217391304,1.6231136238900332,11,868.0,0.07012607913871781,11,868.0
2310.0,18,144.0,6.0,0.9602421184311982,17,941.0,0.02508129099738315,17,941.0
2315.0,20,241.0,10.041666666666666,1.2763065733974912,19,1033.0,0.015510086885282801,19,1033.0
2320.0,20,341.0,14.208333333333334,1.2411898440120337,19,1128.0,0.03503217011148531,19,1128.0
2325.0,21,441.0,18.375,0.996432985702822,20,1223.0,0.023143872432018972,20,1223.0
2330.0,20,541.0,23.52173913043478,0.8027065843987277,19,1318.0,0.03389189595963533,19,1318.0
2335.0,20,641.0,25.64,1.7623820187997223,19,1413.0,0.03322751136785258,19,1413.0
2340.0,19,642.0,26.75,1.018661941606582,19,1506.0,0.02436484000954624,19,1506.0
2345.0,12,214.0,8.916666666666666,1.1427000398824154,11,1344.0,0.04074947609417217,11,1344.0
2350.0,14,118.0,5.130434782608695,0.9944265182640699,13,1326.0,0.049034922986342114,13,1326.0
2355.0,16,150.0,6.521739130434782,0.8596629030226622,15,1354.0,0.03056759115003812,15,1354.0
2360.0,20,240.0,10.0,1.2978703626946213,19,1439.0,0.020475221293320335,19,1439.0
2365.0,19,335.0,15.227272727272727,1.2117008916996577,18,1529.0,0.04702242987102947,18,1529.0
2370.0,19,430.0,18.695652173913043,1.1833390916064936,18,1619.0,0.03343026495009675,18,1619.0
2375.0,20,525.0,22.82608695652174,1.1574940236337716,19,1709.0,0.031124866241677356,19,1709.0
2380.0,19,620.0,28.181818181818183,1.0871265633103804,18,1799.0,0.04754832584222247,18,1799.0
2385.0,16,595.0,24.791666666666668,1.5970496602018953,16,1886.0,0.039225298418131396,16,1886.0
2390.0,8,82.0,3.727272727272727,1.3265094996671332,7,1695.0,0.05012814776798233,7,1695.0
2395.0,17,79.0,3.2916666666666665,0.9167388024857527,16,1672.0,0.02497809191460393,16,1672.0
2400.0,19,168.0,6.72,2.0186481308354187,18,1757.0,0.011743061945573912,18,1757.0
2405.0,20,268.0,11.652173913043478,0.6421055207311225,19,1852.0,0.034218083736461194,19,1852.0
2410.0,21,368.0,15.333333333333334,0.7812332709490969,20,1947.0,0.01770609101240278,20,1947.0
2415.0,20,468.0,20.347826086956523,1.2374805847739132,19,2042.0,0.014068806599626551,19,2042.0
2420.0,20,568.0,24.695652173913043,0.6524371525155487,19,2137.0,0.028972443218707098,19,2137.0
2425.0,21,668.0,27.833333333333332,0.8221293789826744,20,2232.0,0.016829493333159407,20,2232.0
2430.0,18,685.0,28.541666666666668,1.3681986608705448,18,2326.0,0.03999731520893257,18,2326.0
2435.0,9,201.0,8.04,2.552443297165122,9,1872.0,0.05583058620492829,9,1872.0
2440.0,12,55.0,2.5,1.6396477883351468,11,1513.0,0.09167142252280602,11,1513.0
2445.0,14,121.0,5.761904761904762,1.6419436438304433,13,1184.0,0.0929402350112915,13,1184.0
2450.0,14,159.0,7.2272727272727275,1.1972579686437077,13,1195.0,0.060213440138302064,13,1195.0
2455.0,14,207.0,9.0,1.6804409227768513,13,1153.0,0.05314383941980965,13,1153.0
2460.0,16,284.0,11.833333333333334,1.8401378108260456,15,1217.0,0.03188541512257877,15,1217.0
2465.0,20,376.0,16.347826086956523,0.9700799283360838,19,1304.0,0.018781524049168934,19,1304.0
2470.0,19,471.0,21.40909090909091,0.9292861480303318,18,1394.0,0.04071165559846717,18,1394.0
2475.0,16,486.0,21.130434782608695,1.2909173381561854,16,1481.0,0.041336003589926146,16,1481.0
2480.0,7,47.0,2.1363636363636362,2.1115709259237865,7,1086.0,0.05969661539647079,7,1086.0
2485.0,11,49.0,2.130434782608696,2.583161922857308,11,769.0,0.07758017559930235,11,769.0
2490.0,15,114.0,5.181818181818182,2.3921278769269123,15,792.0,0.04768347938317538,15,792.0
2495.0,17,190.0,8.636363636363637,1.4638443014357279,16,867.0,0.07010138521679547,16,867.0
2500.0,19,275.0,11.458333333333334,1.3379368690282751,18,947.0,0.028460805708592874,18,947.0
2505.0,20,370.0,16.08695652173913,0.9907210034858559,19,1037.0,0.013035359046631317,19,1037.0
2510.0,20,470.0,19.583333333333332,1.5034445517275776,19,1132.0,0.032467384850799884,19,1132.0
2515.0,21,570.0,24.782608695652176,0.6798719267796158,20,1227.0,0.015889884071379236,20,1227.0
2520.0,19,644.0,28.0,1.0166754943620615,19,1322.0,0.027046100311019755,19,1322.0
2525.0,9,199.0,8.291666666666666,1.9590548771339915,9,833.0,0.04204761715316732,9,833.0
2530.0,12,92.0,3.8333333333333335,2.3000978035161403,11,600.0,0.0629765044367177,11,600.0
2535.0,14,114.0,5.428571428571429,1.769135551140362,13,534.0,0.10144663095950471,13,534.0
2540.0,14,183.0,9.15,1.1965939300194348,13,539.0,0.10261998270545443,13,539.0
2545.0,13,195.0,8.863636363636363,1.5426913774534896,12,549.0,0.07236482502824453,12,549.0
2550.0,18,270.0,11.25,1.448501465034595,17,517.0,0.05683710540193855,17,517.0
2555.0,19,357.0,15.521739130434783,1.2417976547050527,18,590.0,0.041040876663088345,18,590.0
2560.0,19,452.0,19.652173913043477,1.1865805446816824,18,680.0,0.03170449957411888,18,680.0
2565.0,18,498.0,21.652173913043477,1.1342516651187478,18,769.0,0.033420376779573026,18,769.0
2570.0,8,65.0,2.8260869565217392,2.024272565671447,7,667.0,0.06609071231284072,7,667.0
2575.0,14,62.0,2.5833333333333335,1.2312154919763758,13,632.0,0.02915454762676929,13,632.0
2580.0,19,148.0,6.434782608695652,0.7311646606027145,18,714.0,0.019860271955629328,18,714.0
2585.0,20,246.0,10.25,1.216314612241724,19,808.0,0.030776969627810017,19,808.0
2590.0,21,346.0,14.416666666666666,1.1399800396824877,20,903.0,0.017998623681017515,20,903.0
2595.0,20,446.0,19.391304347826086,0.9795050528024184,19,998.0,0.02063224228102002,19,998.0
2600.0,20,546.0,22.75,1.0725066909069656,19,1093.0,0.032466044527296144,19,1093.0
2605.0,21,646.0,26.916666666666668,1.2048157180937356,20,1188.0,0.022473241656873512,20,1188.0
2610.0,18,662.0,28.782608695652176,1.1150871787405203,18,1282.0,0.035686626748936974,18,1282.0
2615.0,10,195.0,8.125,1.624033896353117,10,1004.0,0.056076190407585415,10,1004.0
2620.0,12,91.0,4.136363636363637,0.9695001556663692,11,952.0,0.0686362875172257,11,952.0
2625.0,14,108.0,4.5,1.685569410958849,13,926.0,0.05818183668421293,13,926.0
2630.0,15,179.0,7.782608695652174,1.2698784439597475,14,953.0,0.047541587886975004,14,953.0
2635.0,19,267.0,11.608695652173912,1.1419278585964607,18,1036.0,0.026332690565174892,18,1036.0
2640.0,19,362.0,15.73913043478261,1.309600873070717,18,1126.0,0.047968960441313824,18,1126.0
2645.0,19,457.0,19.869565217391305,1.1707602696180548,18,1216.0,0.0363720441212315,18,1216.0
2650.0,20,552.0,23.0,1.7110962412576536,19,1306.0,0.01803543758928145,19,1306.0
2655.0,18,611.0,26.565217391304348,1.829663506762292,18,1396.0,0.042010441017848225,18,1396.0
2660.0,7,120.0,5.217391304347826,1.8281322765934775,7,1217.0,0.05993964433539398,7,1217.0
2665.0,9,37.0,1.608695652173913,1.6991206615214227,9,886.0,0.06102275105885087,9,886.0
2670.0,15,98.0,3.92,1.967787850744374,14,945.0,0.042935888542843706,14,945.0
2675.0,21,194.0,8.434782608695652,0.5593857315173166,20,1036.0,0.016606380995547114,20,1036.0
2680.0,20,294.0,12.25,1.382854218071583,19,1131.0,0.01495501984129247,19,1131.0
2685.0,20,394.0,16.416666666666668,1.3149038330673155,19,1226.0,0.029010060568879233,19,1226.0
2690.0,21,494.0,20.583333333333332,1.0761944945074833,20,1321.0,0.01786465837029158,20,1321.0
2695.0,20,594.0,25.82608695652174,0.8083995082936345,19,1416.0,0.036774225919968206,19,1416.0
2700.0,18,600.0,24.0,1.522551949667044,18,1509.0,0.025863723894835745,18,1509.0
2705.0,13,200.0,8.333333333333334,1.1533688603035943,12,1251.0,0.04087257057684578,12,1251.0
2710.0,13,74.0,3.3636363636363638,1.6218290332788348,12,1048.0,0.08598160452246591,12,1048.0
2715.0,12,115.0,5.2272727272727275,1.4891386686249428,11,1061.0,0.07462805755818365,11,1061.0
2720.0,16,175.0,7.0,1.8693944409594707,15,1033.0,0.060434199704488885,15,1033.0
2725.0,18,258.0,10.75,1.4402990019006683,17,1068.0,0.029080945096022798,17,1068.0
2730.0,19,352.0,14.666666666666666,1.5122723045730402,18,1157.0,0.02278357838820028,18,1157.0
2735.0,19,447.0,20.318181818181817,1.3123543803771645,18,1247.0,0.02125283348114061,18,1247.0
2740.0,19,542.0,23.565217391304348,1.1727592030945535,18,1337.0,0.031132388322989025,18,1337.0
2745.0,18,573.0,24.91304347826087,1.1804422215581756,18,1426.0,0.04231835272764476,18,1426.0
2750.0,8,92.0,4.181818181818182,2.60821167525004,8,1080.0,0.09721408541151526,8,1080.0
2755.0,13,61.0,2.652173913043478,1.4368300508146694,12,969.0,0.06433987838452075,12,969.0
2760.0,20,142.0,5.461538461538462,1.7644702197260556,19,1045.0,0.01862961350557219,19,1045.0
2765.0,20,240.0,9.6,2.1048927828320525,19,1138.0,0.013410043606386157,19,1138.0
2770.0,20,340.0,14.782608695652174,0.7756816769207092,19,1233.0,0.03606842761597281,19,1233.0
2775.0,21,440.0,17.6,1.4054526419009958,20,1328.0,0.023353468679380124,20,1328.0
2780.0,20,540.0,23.47826086956522,0.716277581568347,19,1423.0,0.014857650431642933,19,1423.0
2785.0,20,640.0,26.666666666666668,1.5014119190407793,19,1518.0,0.030593135013022695,19,1518.0
2790.0,18,632.0,26.333333333333332,1.0668191695134517,18,1610.0,0.028659078113782818,18,1610.0
2795.0,9,203.0,8.826086956521738,1.9867961509391705,9,1180.0,0.06758815251056229,9,1180.0
2800.0,12,56.0,2.3333333333333335,1.948595057651198,11,1149.0,0.07262818906438136,11,1149.0
2805.0,14,121.0,5.260869565217392,1.5003691195354871,13,1166.0,0.06248542754216557,13,1166.0
2810.0,17,202.0,8.416666666666666,1.529169434755446,16,1242.0,0.0291354327895099,16,1242.0
2815.0,20,295.0,12.826086956521738,0.9402518300680518,19,1330.0,0.04591659384984547,19,1330.0
2820.0,19,390.0,16.956521739130434,1.5541653715274906,18,1420.0,0.04864827896604886,18,1420.0
2825.0,19,485.0,21.08695652173913,1.2439215620201787,18,1510.0,0.03311112621717396,18,1510.0
2830.0,20,580.0,25.217391304347824,1.0873418678048015,19,1600.0,0.024393830983637795,19,1600.0
2835.0,18,635.0,28.863636363636363,0.8561429016934777,18,1690.0,0.04547051371792106,18,1690.0
2840.0,8,133.0,5.782608695652174,1.9973960884315953,8,1508.0,0.07397036651652378,8,1508.0
2845.0,15,61.0,2.5416666666666665,1.0956266656460987,14,1478.0,0.035602706830861724,14,1478.0
2850.0,21,151.0,6.291666666666667,0.937470464309419,20,1564.0,0.02261281497614579,20,1564.0
2855.0,20,251.0,10.458333333333334,1.3561270065395616,19,1659.0,0.017487834817649088,19,1659.0
2860.0,20,351.0,14.625,1.1163539604050448,19,1754.0,0.03631893864041449,19,1754.0
2865.0,21,451.0,18.791666666666668,1.0485696886299187,20,1849.0,0.023709170287444535,20,1849.0
2870.0,20,551.0,23.956521739130434,0.9578775638864809,19,1944.0,0.029181030904664455,19,1944.0
2875.0,20,651.0,27.125,1.4613569056490576,19,2039.0,0.029281996753471578,19,2039.0
2880.0,18,635.0,26.458333333333332,1.1057667050516669,18,2131.0,0.02470215875387328,18,2131.0
2885.0,10,207.0,9.0,1.9447287550260453,10,1627.0,0.0673603077298095,10,1627.0
2890.0,10,53.0,2.409090909090909,2.6264932428678613,10,1193.0,0.12028467019650457,10,1193.0
2895.0,11,103.0,4.681818181818182,2.556452382391808,10,1201.0,0.10887471209237376,10,1201.0
2900.0,15,167.0,7.260869565217392,1.4203693236876962,14,1260.0,0.065181004594284,14,1260.0
2905.0,19,249.0,10.826086956521738,1.033307018920672,18,1337.0,0.02258316203139072,18,1337.0
2910.0,19,342.0,14.869565217391305,1.7835989482538521,18,1425.0,0.018297578011286134,18,1425.0
2915.0,19,437.0,19.0,1.3467713166241038,18,1515.0,0.041671186636955834,18,1515.0
2920.0,20,532.0,23.130434782608695,1.1442234511618106,19,1605.0,0.01720120637945298,19,1605.0
2925.0,16,532.0,23.130434782608695,1.2838470110081832,16,1692.0,0.03628230262718224,16,1692.0
2930.0,8,68.0,2.9565217391304346,2.144828200326499,8,1305.0,0.0693574165342754,8,1305.0
2935.0,13,64.0,2.56,1.2386250903095029,12,1161.0,0.04620780196643977,12,1161.0
2940.0,20,142.0,5.461538461538462,1.8133202631090104,19,1194.0,0.038523732250113824,19,1194.0
2945.0,20,240.0,10.0,1.361944286182993,19,1288.0,0.038376605105310255,19,1288.0
2950.0,21,340.0,13.6,1.459535944729957,20,1383.0,0.020307136484473333,20,1383.0
2955.0,20,440.0,18.333333333333332,1.4059418439593578,19,1478.0,0.016845436250873494,19,1478.0
2960.0,20,540.0,23.47826086956522,0.9614608594813205,19,1573.0,0.0338819022740861,19,1573.0
2965.0,21,640.0,26.666666666666668,0.9779869393527774,20,1668.0,0.02380046711699542,20,1668.0
2970.0,19,704.0,29.333333333333332,1.3403556234185885,19,1763.0,0.02339424462866921,19,1763.0
2975.0,11,244.0,10.166666666666666,1.3736321962190416,11,1349.0,0.03167305089763041,11,1349.0
2980.0,14,140.0,6.363636363636363,1.224173871895808,13,1014.0,0.05592837099830159,13,1014.0
2985.0,13,109.0,5.190476190476191,1.3923749332183162,12,937.0,0.09634178664723457,12,937.0
2990.0,11,147.0,6.681818181818182,1.717362930926168,10,886.0,0.07162666838774073,10,886.0
2995.0,15,215.0,9.347826086956522,1.4704097934048468,14,853.0,0.04536617286906596,14,853.0
3000.0,19,301.0,13.08695652173913,1.5252575880711599,18,934.0,0.036199264080135324,18,934.0
3005.0,20,396.0,16.5,1.3841772684584168,19,1024.0,0.020505509126696585,19,1024.0
3010.0,19,491.0,21.347826086956523,1.6546394706109855,18,1114.0,0.05095562865472536,18,1114.0
3015.0,18,529.0,23.0,1.0632613354791025,18,1204.0,0.038167655640263774,18,1204.0
3020.0,8,80.0,3.6363636363636362,2.3240792213091175,8,855.0,0.08076916834712923,8,855.0
3025.0,10,57.0,2.375,2.7222109259056495,10,672.0,0.07474547028226572,10,672.0
3030.0,15,120.0,5.0,2.638079308046872,15,693.0,0.05811082173295285,15,693.0
3035.0,18,198.0,8.608695652173912,0.9574369066560849,17,768.0,0.051243542948825986,17,768.0
3040.0,19,287.0,12.478260869565217,0.7239722172722334,18,852.0,0.034840845039512285,18,852.0
3045.0,21,387.0,16.125,1.0845150926880398,20,947.0,0.022514204997531054,20,947.0
3050.0,20,487.0,21.17391304347826,1.0729287556752376,19,1042.0,0.01746013298203984,19,1042.0
3055.0,20,587.0,25.52173913043478,0.9982710517378904,19,1137.0,0.03641890624164933,19,1137.0
3060.0,18,610.0,26.52173913043478,0.6197417616262156,18,1229.0,0.026778153871183027,18,1229.0
3065.0,13,205.0,8.541666666666666,1.1817516827971926,12,1024.0,0.041044917925721056,12,1024.0
3070.0,13,111.0,4.625,1.678272096245891,12,1003.0,0.046818839329314535,12,1003.0
3075.0,15,144.0,6.260869565217392,1.2595035236472385,14,1029.0,0.02784459841456951,14,1029.0
3080.0,20,232.0,10.08695652173913,1.2537133654908497,19,1112.0,0.02391111842229389,19,1112.0
3085.0,19,327.0,14.863636363636363,1.1545306936705977,18,1202.0,0.04408332685960885,18,1202.0
3090.0,19,422.0,18.347826086956523,1.4889350045124756,18,1292.0,0.038742624687338086,18,1292.0
3095.0,20,517.0,21.541666666666668,1.7281556047840503,19,1382.0,0.01882108111420566,19,1382.0
3100.0,19,612.0,26.608695652173914,1.3660753349455041,18,1472.0,0.045585593671975455,18,1472.0
3105.0,16,588.0,25.565217391304348,1.1040792646702577,16,1559.0,0.03408936524148696,16,1559.0
3110.0,9,80.0,3.4782608695652173,1.3139689512309198,8,1430.0,0.050792595255505876,8,1430.0
3115.0,14,66.0,2.75,1.0255656770491515,13,1422.0,0.03129176941514356,13,1422.0
3120.0,18,132.0,5.28,1.1986526901915364,17,1400.0,0.01897949128798013,17,1400.0
3125.0,21,229.0,9.16,1.4121884363798163,20,1447.0,0.018180748685053493,20,1447.0
3130.0,20,329.0,14.304347826086957,1.2238135117451177,19,1542.0,0.01599086018237937,19,1542.0
3135.0,20,429.0,18.652173913043477,0.9571356449035967,19,1637.0,0.03378863707312402,19,1637.0
3140.0,21,529.0,22.041666666666668,1.0319604919324512,20,1732.0,0.01672305243211079,20,1732.0
3145.0,20,629.0,27.347826086956523,0.7676334058522494,19,1827.0,0.03494770347184008,19,1827.0
3150.0,18,626.0,26.083333333333332,1.0606299895067663,18,1920.0,0.02258710731541451,18,1920.0
3155.0,13,204.0,8.5,1.134759236946505,12,1678.0,0.03535238522839313,12,1678.0
3160.0,13,75.0,3.260869565217391,1.4135011712561987,12,1656.0,0.057258330551120416,12,1656.0
3165.0,16,149.0,6.478260869565218,1.2112491038698971,15,1683.0,0.03135329974987435,15,1683.0
3170.0,20,240.0,10.0,1.7566708103592779,19,1769.0,0.01984751959921357,19,1769.0
3175.0,19,335.0,14.565217391304348,1.4935598388262488,18,1859.0,0.04123933341534255,18,1859.0
3180.0,19,430.0,18.695652173913043,1.3319220679312287,18,1949.0,0.03268929984764725,18,1949.0
3185.0,20,525.0,22.82608695652174,1.2316219920449791,19,2039.0,0.02829505201963225,19,2039.0
3190.0,19,620.0,28.181818181818183,1.0652378973166565,18,2129.0,0.041397582319933825,18,2129.0
3195.0,16,598.0,24.916666666666668,1.6697110084006848,16,2216.0,0.0392943919961451,16,2216.0
3200.0,10,85.0,3.8636363636363638,1.2810415095640146,9,1963.0,0.05279114090054813,9,1963.0
3205.0,16,81.0,3.375,1.5887370120359359,15,1877.0,0.04058036496981717,15,1877.0
3210.0,15,128.0,5.333333333333333,1.4039316000502085,14,1856.0,0.03842259362526174,14,1856.0
3215.0,18,213.0,8.192307692307692,1.8013599194188141,17,1839.0,0.029127218228557156,17,1839.0
3220.0,20,312.0,13.0,1.5026502124968368,19,1932.0,0.014646401014275237,19,1932.0
3225.0,20,412.0,17.91304347826087,0.8278780292260997,19,2027.0,0.03697880215450045,19,2027.0
3230.0,21,512.0,22.26086956521739,0.5411806821012303,20,2122.0,0.019417698542720137,20,2122.0
3235.0,20,612.0,26.608695652173914,0.9352492527333014,19,2217.0,0.03719289642521893,19,2217.0
3240.0,17,626.0,26.083333333333332,1.0605941821418536,17,2309.0,0.02208589089897966,17,2309.0
3245.0,14,214.0,8.916666666666666,0.8924501368234692,13,1743.0,0.03846953535793139,13,1743.0
3250.0,13,76.0,3.4545454545454546,0.8803705686115687,13,1549.0,0.0561044646006482,13,1549.0
3255.0,13,118.0,5.130434782608695,1.2628917159794335,12,1508.0,0.058463854942208196,12,1508.0
3260.0,15,189.0,8.217391304347826,1.1925611805148242,14,1482.0,0.03986764191106031,14,1482.0
3265.0,19,275.0,11.458333333333334,1.4653236987221228,18,1563.0,0.01947642854112966,18,1563.0
3270.0,19,370.0,16.818181818181817,1.0393176717319048,18,1653.0,0.04663142848667208,18,1653.0
3275.0,19,465.0,20.217391304347824,1.4822035034775978,18,1743.0,0.035118837098779374,18,1743.0
3280.0,20,560.0,23.333333333333332,1.6617752466633888,19,1833.0,0.022058452840016278,19,1833.0
3285.0,18,620.0,26.956521739130434,1.468264740302103,18,1923.0,0.04053101960714128,18,1923.0
3290.0,8,119.0,5.173913043478261,2.00213222629325,7,1814.0,0.06591158342191679,7,1814.0
3295.0,15,59.0,2.4583333333333335,1.4268253191036273,14,1782.0,0.029771697344093666,14,1782.0
3300.0,17,138.0,6.0,1.0078067232586094,16,1857.0,0.020548972600476695,16,1857.0
3305.0,20,234.0,9.75,1.041596638844055,19,1948.0,0.027141318052162397,19,1948.0
3310.0,21,334.0,13.916666666666666,0.9809323991467741,20,2043.0,0.02632807996579331,20,2043.0
3315.0,20,434.0,18.869565217391305,0.7077144011459012,19,2138.0,0.035974561724077835,19,2138.0
3320.0,20,534.0,23.217391304347824,0.7506116953566455,19,2233.0,0.033927598556965,19,2233.0
3325.0,20,634.0,25.36,1.5162260840942086,19,2328.0,0.02204388215473676,19,2328.0
3330.0,18,650.0,28.26086956521739,0.9766723063180308,18,2422.0,0.030992589948460415,18,2422.0
3335.0,11,187.0,7.791666666666667,1.7691081890935927,11,1814.0,0.05780120115994095,11,1814.0
3340.0,13,100.0,4.545454545454546,1.4729262357829114,12,1792.0,0.07003343455606748,12,1792.0
3345.0,14,130.0,5.416666666666667,1.5991764025641153,13,1814.0,0.05169397935085775,13,1814.0
3350.0,19,213.0,9.26086956521739,0.8203745257436659,18,1892.0,0.04131389070560414,18,1892.0
3355.0,19,308.0,13.391304347826088,1.3904160219684356,18,1982.0,0.04396268898473758,18,1982.0
3360.0,19,403.0,17.52173913043478,1.09725841809886,18,2072.0,0.03736809747349189,18,2072.0
3365.0,20,498.0,21.652173913043477,0.8204946303994624,19,2162.0,0.023579129110164212,19,2162.0
3370.0,19,593.0,25.782608695652176,1.3628331941772331,18,2252.0,0.04623861363194846,18,2252.0
3375.0,16,572.0,24.869565217391305,1.3492567330217498,16,2339.0,0.038972425995880626,16,2339.0
3380.0,9,81.0,3.6818181818181817,1.9683803845708199,9,2007.0,0.061899389322327664,9,2007.0
3385.0,11,63.0,2.739130434782609,1.0025835866007453,11,1861.0,0.04616876974706452,11,1861.0
3390.0,20,143.0,5.5,1.8684181176749421,19,1896.0,0.021030300233298972,19,1896.0
3395.0,21,242.0,9.68,1.2793613862741589,20,1990.0,0.019775357990025326,20,1990.0
3400.0,20,342.0,14.25,1.452351085098357,19,2085.0,0.02784233236274639,19,2085.0
3405.0,21,442.0,18.416666666666668,1.1024219730743072,20,2180.0,0.01668929197262257,20,2180.0
3410.0,20,542.0,23.565217391304348,0.7324086205240753,19,2275.0,0.014181996147106538,19,2275.0
3415.0,20,642.0,26.75,1.6006318789749023,19,2370.0,0.04156814610349723,19,2370.0
3420.0,18,641.0,27.869565217391305,0.6592163171752344,18,2462.0,0.03439276443126011,18,2462.0
3425.0,11,207.0,8.625,1.9349082420022092,11,1700.0,0.05549714193398274,11,1700.0
3430.0,10,59.0,2.8095238095238093,1.6980025741745857,9,1334.0,0.10250515451795687,9,1334.0
3435.0,13,118.0,5.130434782608695,2.073884575990413,12,1348.0,0.07675607631551562,12,1348.0
3440.0,17,192.0,8.0,1.6109026685081889,16,1417.0,0.026556788344245942,16,1417.0
3445.0,18,279.0,12.681818181818182,0.984743420222951,17,1499.0,0.04853539434244779,17,1499.0
3450.0,19,374.0,16.26086956521739,1.4168251489519372,18,1589.0,0.03886779999288522,18,1589.0
3455.0,20,469.0,19.541666666666668,1.5270560527822923,19,1679.0,0.020987892593108293,19,1679.0
3460.0,19,564.0,24.52173913043478,1.7113208592453342,18,1769.0,0.041356275032766274,18,1769.0
3465.0,16,554.0,24.08695652173913,1.2795200396022148,16,1856.0,0.03607757262587546,16,1856.0
3470.0,9,70.0,3.1818181818181817,1.3173741212889574,8,1616.0,0.047549302688793836,8,1616.0
3475.0,17,79.0,3.16,1.5692646809716992,16,1591.0,0.02742023490631586,16,1591.0
3480.0,20,172.0,7.478260869565218,1.0857044855038722,19,1679.0,0.01862948271921136,19,1679.0
3485.0,20,272.0,11.333333333333334,1.4118282880190698,19,1774.0,0.03029621326800668,19,1774.0
3490.0,21,372.0,15.5,0.910954192520412,20,1869.0,0.02440349651769725,20,1869.0
3495.0,20,472.0,19.666666666666668,1.2095807424171243,19,1964.0,0.011098940015169213,19,1964.0
3500.0,20,572.0,23.833333333333332,1.2397383118483587,19,2059.0,0.028474191687893606,19,2059.0
3505.0,21,672.0,26.88,1.4171069746552587,20,2154.0,0.024767718562022163,20,2154.0
3510.0,18,689.0,29.956521739130434,0.8477111796597062,18,2248.0,0.03489708141840807,18,2248.0
3515.0,11,210.0,8.75,1.5188985809415836,11,1672.0,0.04593232532762302,11,1672.0
3520.0,14,99.0,4.304347826086956,1.4009328708069284,13,1641.0,0.06669247661420803,13,1641.0
3525.0,15,126.0,5.478260869565218,1.2453907989139221,14,1623.0,0.051183777798724094,14,1623.0
3530.0,18,209.0,9.08695652173913,1.0042323505048505,17,1701.0,0.0276897029917828,17,1701.0
3535.0,20,304.0,13.217391304347826,0.9235500225421915,19,1791.0,0.05671543963869574,19,1791.0
3540.0,19,399.0,17.347826086956523,0.9822955127741517,18,1881.0,0.032133711852249794,18,1881.0
3545.0,19,494.0,21.47826086956522,1.1833204599513305,18,1971.0,0.031246842544509417,18,1971.0
3550.0,20,589.0,25.608695652173914,0.9568372191511045,19,2061.0,0.019445666807836264,19,2061.0
3555.0,16,572.0,24.869565217391305,1.172104669323354,16,2148.0,0.026809085348917197,16,2148.0
3560.0,9,80.0,3.4782608695652173,1.0692138913911509,8,1911.0,0.046736661572231525,8,1911.0
3565.0,16,80.0,3.2,1.3550352558813978,15,1887.0,0.026091671693791514,15,1887.0
3570.0,19,169.0,7.041666666666667,1.5019873903821483,18,1971.0,0.016193922588461813,18,1971.0
3575.0,20,269.0,11.208333333333334,1.511097670256798,19,2066.0,0.035481601749178804,19,2066.0
3580.0,21,369.0,15.375,0.9717399551364121,20,2161.0,0.026776291367963063,20,2161.0
3585.0,20,469.0,19.541666666666668,1.569324289481134,19,2256.0,0.017816205191493618,19,2256.0
3590.0,20,569.0,24.73913043478261,0.7564006006628154,19,2351.0,0.033312971061295105,19,2351.0
3595.0,21,669.0,26.76,1.443527540960198,20,2446.0,0.019344964812725008,20,2446.0
3600.0,18,686.0,28.583333333333332,1.4421224091675684,18,2540.0,0.03930617537696647,18,2540.0
3605.0,11,202.0,8.782608695652174,1.3305620745396853,10,2216.0,0.04331097256789955,10,2216.0
3610.0,14,68.0,2.9565217391304346,1.2812630946530859,13,2191.0,0.045895404993478654,13,2191.0
3615.0,17,147.0,6.391304347826087,1.2174877673350266,16,2222.0,0.04233819383671385,16,2222.0
3620.0,20,241.0,10.478260869565217,1.19799373688118,19,2311.0,0.018737722873909946,19,2311.0
3625.0,19,336.0,14.608695652173912,1.4327885272590999,18,2401.0,0.04754210421180792,18,2401.0
3630.0,19,431.0,18.73913043478261,1.4491728200873681,18,2491.0,0.03559303296848575,18,2491.0
3635.0,20,526.0,21.916666666666668,1.2951775098771285,19,2581.0,0.02263634347089364,19,2581.0
3640.0,20,621.0,25.875,1.341095208067428,19,2671.0,0.045223654104919145,19,2671.0
3645.0,16,593.0,25.782608695652176,1.2533888789697587,16,2758.0,0.0348089326564693,16,2758.0
3650.0,10,87.0,3.782608695652174,1.1247885921438094,9,2489.0,0.04489076801822828,9,2489.0
3655.0,17,80.0,3.076923076923077,1.7791942194077275,16,2467.0,0.021555984050303244,16,2467.0
3660.0,20,171.0,7.125,1.2954602799876453,19,2553.0,0.013001168031487289,19,2553.0
3665.0,20,271.0,11.782608695652174,0.6858946260199394,19,2648.0,0.03144046630566374,19,2648.0
3670.0,21,371.0,14.84,1.4264260898138479,20,2743.0,0.019087527438348278,20,2743.0
3675.0,20,471.0,19.625,1.3930202035076162,19,2838.0,0.013030564200526631,19,2838.0
3680.0,20,571.0,23.791666666666668,1.4837890196033694,19,2933.0,0.03034115638586072,19,2933.0
3685.0,21,671.0,27.958333333333332,0.911956865639492,20,3028.0,0.022186777915041228,20,3028.0
3690.0,18,690.0,30.0,0.9212029707764103,18,3122.0,0.03704418523649315,18,3122.0
3695.0,13,211.0,8.44,1.4372296136664724,12,2422.0,0.04685643541151617,12,2422.0
3700.0,13,65.0,2.8260869565217392,1.0673749577776168,12,2438.0,0.04866605233550114,12,2438.0
3705.0,15,132.0,5.739130434782608,1.6386060825359072,14,2412.0,0.060263075556372406,14,2412.0
3710.0,18,214.0,8.916666666666666,1.5251193266964675,17,2446.0,0.03258601145685021,17,2446.0
3715.0,20,309.0,12.875,1.737271623823302,19,2536.0,0.022619783046598473,19,2536.0
3720.0,19,404.0,17.565217391304348,1.7542550717064733,18,2626.0,0.04493655406736534,18,2626.0
3725.0,19,499.0,21.695652173913043,1.4900525088718346,18,2716.0,0.036852896448733394,18,2716.0
3730.0,20,594.0,25.82608695652174,0.7913524289291936,19,2806.0,0.016032392169483465,19,2806.0
3735.0,18,649.0,29.5,0.9459313099203649,18,2896.0,0.041272816894821054,18,2896.0
3740.0,8,135.0,5.869565217391305,1.4410939510016931,7,2591.0,0.05897133583937164,7,2591.0
3745.0,13,55.0,2.2916666666666665,1.4702305998089518,12,2517.0,0.019160229337868283,12,2517.0
3750.0,17,133.0,5.782608695652174,0.8366379274028932,16,2591.0,0.038966058263461466,16,2591.0
3755.0,21,230.0,9.583333333333334,1.14873864711794,20,2683.0,0.021002617987787967,20,2683.0
3760.0,20,330.0,14.347826086956522,0.9713402347806926,19,2778.0,0.014838903246734125,19,2778.0
3765.0,20,430.0,18.695652173913043,0.7444500821181294,19,2873.0,0.03990761305264925,19,2873.0
3770.0,21,530.0,21.2,1.3609573341478256,20,2968.0,0.028747749945549295,20,2968.0
3775.0,20,630.0,27.391304347826086,0.7877881526738347,19,3063.0,0.03843758743888209,19,3063.0
3780.0,19,688.0,29.91304347826087,0.8087513142376546,19,3158.0,0.032386233451281186,19,3158.0
3785.0,9,182.0,7.583333333333333,2.5367807447578836,9,2405.0,0.06756463742943741,9,2405.0
3790.0,9,42.0,1.9090909090909092,2.13088929635695,8,1818.0,0.0968991568219718,8,1818.0
3795.0,12,91.0,4.136363636363637,1.2143156723870916,11,1829.0,0.059743631639841886,11,1829.0
3800.0,14,149.0,6.208333333333333,1.7364574357343006,13,1840.0,0.05490088246945085,13,1840.0
3805.0,18,226.0,9.416666666666666,1.4747425485879235,17,1912.0,0.022708868063170653,17,1912.0
3810.0,19,319.0,13.869565217391305,1.6292093027057006,18,2000.0,0.04617932126479009,18,2000.0
3815.0,19,414.0,18.0,1.3864896922193164,18,2090.0,0.03372312897657338,18,2090.0
3820.0,20,509.0,21.208333333333332,1.5144474977268667,19,2180.0,0.019949596406440125,19,2180.0
3825.0,18,570.0,25.90909090909091,0.9157760894454152,18,2270.0,0.03766469128383432,18,2270.0
3830.0,8,107.0,4.6521739130434785,1.8455745298961848,8,1913.0,0.06897581832151486,8,1913.0
3835.0,10,40.0,1.6666666666666667,1.6070805449138899,10,1384.0,0.06248576250926953,10,1384.0
3840.0,17,112.0,4.3076923076923075,1.681067506838573,16,1414.0,0.02400758367898915,16,1414.0
3845.0,20,206.0,8.583333333333334,1.1918412703100685,19,1503.0,0.04048126095964101,19,1503.0
3850.0,20,306.0,12.75,1.1743357097548766,19,1598.0,0.03082443780772519,19,1598.0
3855.0,21,406.0,16.24,1.2701215713434313,20,1693.0,0.021668419147768653,20,1693.0
3860.0,20,506.0,21.083333333333332,1.5524310572578497,19,1788.0,0.03886692462249915,19,1788.0
3865.0,20,606.0,25.25,1.1579893167818898,19,1883.0,0.027911787543666872,19,1883.0
3870.0,19,639.0,27.782608695652176,0.5050929690510741,19,1977.0,0.028200731299996094,19,1977.0
3875.0,9,197.0,8.565217391304348,1.848365444673553,9,1324.0,0.05086632933799801,9,1324.0
3880.0,11,48.0,2.0869565217391304,2.3846011134917724,10,937.0,0.08140801920191909,10,937.0
3885.0,13,109.0,5.190476190476191,2.394068199314275,12,748.0,0.1254144747287359,12,748.0
3890.0,15,179.0,8.523809523809524,1.8353590687237376,14,677.0,0.09736066709709881,14,677.0
3895.0,14,212.0,10.095238095238095,1.2537579533967036,13,690.0,0.06434456928621397,13,690.0
3900.0,15,258.0,11.217391304347826,1.9451934582411812,14,651.0,0.06354881249217374,14,651.0
3905.0,19,341.0,14.826086956521738,0.8880837998508408,18,718.0,0.02729042546291993,18,718.0
3910.0,19,433.0,18.82608695652174,1.2680922492005955,18,805.0,0.04218709055026979,18,805.0
3915.0,17,459.0,19.956521739130434,1.0694731782160816,17,893.0,0.03442096329471059,17,893.0
3920.0,8,48.0,2.1818181818181817,1.3892172568411618,7,662.0,0.05670986636974364,7,662.0
3925.0,15,74.0,2.96,1.6566101400471007,14,630.0,0.0375278756222967,14,630.0
3930.0,21,166.0,6.916666666666667,1.0675987410446388,20,717.0,0.025562482560038152,20,717.0
3935.0,20,266.0,11.565217391304348,0.8437820575848479,19,812.0,0.017120909566115686,19,812.0
3940.0,20,366.0,15.25,1.1613570310665453,19,907.0,0.03675899683637951,19,907.0
3945.0,21,466.0,18.64,1.2797749604523292,20,1002.0,0.020168938913144783,20,1002.0
3950.0,20,566.0,24.608695652173914,0.7474960348820351,19,1097.0,0.015999771825695886,19,1097.0
3955.0,20,666.0,26.64,1.5841540495328934,19,1192.0,0.03407081045817278,19,1192.0
3960.0,18,649.0,25.96,1.4558413433378008,18,1284.0,0.025711965850433185,18,1284.0
3965.0,11,209.0,9.08695652173913,1.2550720504474056,10,1064.0,0.044412163682681714,10,1064.0
3970.0,15,69.0,3.1363636363636362,0.8087056385491863,14,1065.0,0.05628631409824436,14,1065.0
3975.0,14,116.0,5.043478260869565,1.3441487464782922,13,1030.0,0.06033233503503845,13,1030.0
3980.0,16,191.0,8.304347826086957,0.9087073729111681,15,1012.0,0.03671001865169463,15,1012.0
3985.0,19,278.0,11.583333333333334,1.221452949224782,18,1093.0,0.041000844014716806,18,1093.0
3990.0,19,373.0,16.217391304347824,1.4175022869028968,18,1183.0,0.05631901904534593,18,1183.0
3995.0,19,468.0,20.347826086956523,0.9915116644704357,18,1273.0,0.03998914494113201,18,1273.0
4000.0,20,563.0,24.47826086956522,0.8966349243749354,19,1363.0,0.015824618012895048,19,1363.0
4005.0,18,621.0,27.0,1.4907726319654628,18,1453.0,0.04678760786936169,18,1453.0
4010.0,8,122.0,5.304347826086956,2.226550646217847,8,1073.0,0.05570104090004223,8,1073.0
4015.0,11,46.0,2.0,2.0204099878219792,11,884.0,0.06029076536853995,11,884.0
4020.0,14,108.0,4.5,2.2470046622435844,14,786.0,0.07512555414821989,14,786.0
4025.0,17,184.0,8.0,1.675333521862323,16,861.0,0.07258612199061329,16,861.0
4030.0,21,276.0,11.5,0.9617054019891884,19,945.0,0.031282001172343775,19,945.0
4035.0,21,353.0,14.12,0.9989476402560559,20,1032.0,0.02301555506948735,20,1032.0
4040.0,20,453.0,18.12,1.8107255815630614,19,1118.0,0.03674562166469743,19,1118.0
4045.0,20,553.0,24.043478260869566,0.6338529940350225,19,1213.0,0.02975597979581625,19,1213.0
4050.0,19,592.0,24.666666666666668,1.0459525161033554,19,1306.0,0.028742852525935926,19,1306.0
4055.0,11,204.0,8.5,1.569731252034095,11,1003.0,0.04641319856079731,11,1003.0
4060.0,12,103.0,4.681818181818182,1.6713387802097714,11,979.0,0.07327799132153716,11,979.0
4065.0,14,125.0,5.0,2.0448276430485084,13,996.0,0.05224603439673463,13,996.0
4070.0,17,200.0,8.695652173913043,0.9111094116880573,16,1067.0,0.047510390785919565,16,1067.0
4075.0,19,292.0,12.695652173913043,1.2555274297770322,18,1154.0,0.03959922710488312,18,1154.0
4080.0,20,387.0,16.82608695652174,0.8340757201386098,19,1244.0,0.015267357282472879,19,1244.0
4085.0,19,482.0,21.90909090909091,0.9223284560195592,18,1334.0,0.03969426825951196,18,1334.0
4090.0,19,577.0,25.08695652173913,1.5038807092118787,18,1424.0,0.03471749501947643,18,1424.0
4095.0,18,598.0,24.916666666666668,1.4313929770424754,18,1513.0,0.03187380670207462,18,1513.0
4100.0,7,96.0,4.363636363636363,2.3354548770398815,7,1350.0,0.09725800770364906,7,1350.0
4105.0,12,49.0,2.0416666666666665,1.0717009010783223,11,1332.0,0.03317336441110367,11,1332.0
4110.0,17,119.0,4.76,1.2542629177642766,16,1313.0,0.021205757204343773,16,1313.0
4115.0,21,217.0,8.68,1.6708110289873965,20,1406.0,0.013590243417936628,20,1406.0
4120.0,20,317.0,13.782608695652174,0.9419810449547101,19,1501.0,0.03401687985748666,19,1501.0
4125.0,21,417.0,18.130434782608695,0.547368453917277,20,1596.0,0.021987122323657553,20,1596.0
4130.0,20,517.0,21.541666666666668,1.2408322600169113,19,1691.0,0.030257821693131817,19,1691.0
4135.0,20,617.0,25.708333333333332,1.3511328654586716,19,1786.0,0.034432640477332445,19,1786.0
4140.0,18,613.0,25.541666666666668,0.9097512066184925,18,1878.0,0.023418411814362706,18,1878.0
4145.0,11,196.0,7.84,1.4028082131672073,10,1473.0,0.0331638942462533,10,1473.0
4150.0,13,100.0,4.3478260869565215,0.977615594845464,12,1490.0,0.04162041240844437,12,1490.0
4155.0,14,124.0,5.166666666666667,1.6623908077161031,13,1465.0,0.04995351817334705,13,1465.0
4160.0,19,206.0,8.583333333333334,1.3762024063419431,18,1501.0,0.025288687599811642,18,1501.0
4165.0,19,301.0,13.681818181818182,0.8808099010831589,18,1591.0,0.0391159630520454,18,1591.0
4170.0,19,396.0,17.217391304347824,1.2472684288026883,18,1681.0,0.033589137322262944,18,1681.0
4175.0,20,491.0,21.347826086956523,0.9023574757897331,19,1771.0,0.022342475854355514,19,1771.0
4180.0,19,586.0,26.636363636363637,1.0926750169924215,18,1861.0,0.041298828407926994,18,1861.0
4185.0,17,605.0,26.304347826086957,1.0246808379072834,17,1950.0,0.041172060793086045,17,1950.0
4190.0,9,108.0,4.5,2.1155249893923513,9,1665.0,0.045615983049487656,9,1665.0
4195.0,12,59.0,2.5652173913043477,0.9437497786548034,11,1597.0,0.048379757618836214,11,1597.0
4200.0,19,135.0,5.4,1.3620649094772719,18,1628.0,0.018377889259117017,18,1628.0
4205.0,20,234.0,9.75,1.1743988860102605,19,1721.0,0.03794464145742765,19,1721.0
4210.0,20,334.0,13.916666666666666,0.9756963934736059,19,1816.0,0.017242044867512015,19,1816.0
4215.0,21,434.0,17.36,1.3609142709105213,20,1911.0,0.026827236494402447,20,1911.0
4220.0,20,534.0,21.36,1.8071539125358067,19,2006.0,0.0100688755810342,19,2006.0
4225.0,20,634.0,26.416666666666668,1.1097891986158186,19,2101.0,0.03507469026392621,19,2101.0
4230.0,19,664.0,27.666666666666668,0.8991947859050393,19,2195.0,0.03013737556291006,19,2195.0
4235.0,12,206.0,8.956521739130435,1.0203167047545056,11,1648.0,0.041586497542400756,11,1648.0
4240.0,14,100.0,4.3478260869565215,0.9970508536858963,13,1665.0,0.04389799075793729,13,1665.0
4245.0,15,121.0,5.041666666666667,1.4164787272705743,14,1635.0,0.0444116035823252,14,1635.0
4250.0,18,204.0,8.5,1.2254890745907203,17,1669.0,0.04230074510159683,17,1669.0
4255.0,19,299.0,13.0,1.3253019622907,18,1759.0,0.04567934073260821,18,1759.0
4260.0,19,394.0,17.130434782608695,1.2035403021650406,18,1849.0,0.029998964975575693,18,1849.0
4265.0,20,489.0,21.26086956521739,0.9468911344050395,19,1939.0,0.043951498987825834,19,1939.0
4270.0,19,584.0,25.391304347826086,1.4137728172620792,18,2029.0,0.04280868085654932,18,2029.0
4275.0,18,570.0,24.782608695652176,1.194739407496409,18,2118.0,0.042496517202735375,18,2118.0
4280.0,8,82.0,3.727272727272727,1.274813113196916,8,1936.0,0.05047289932543907,8,1936.0
4285.0,16,77.0,2.9615384615384617,1.9540028367475482,15,1905.0,0.0258754661433452,15,1905.0
4290.0,20,169.0,7.3478260869565215,1.0918666371264514,19,1992.0,0.014493463454207484,19,1992.0
4295.0,20,269.0,11.695652173913043,0.6332476897520956,19,2087.0,0.028275728924968574,19,2087.0
4300.0,21,369.0,15.375,1.0798232955213851,20,2182.0,0.02048444608942404,20,2182.0
4305.0,20,469.0,20.391304347826086,1.1892917652603396,19,2277.0,0.018190329768892892,19,2277.0
4310.0,20,569.0,24.73913043478261,0.8575790418942885,19,2372.0,0.0284427290423974,19,2372.0
4315.0,20,669.0,27.875,1.124416202716323,19,2467.0,0.02763643278359141,19,2467.0
4320.0,18,690.0,28.75,1.392549264018114,18,2561.0,0.029538995197048105,18,2561.0
4325.0,10,208.0,8.666666666666666,1.633731116640008,9,1936.0,0.04430720670132253,9,1936.0
4330.0,15,111.0,5.045454545454546,1.767077268805412,14,1460.0,0.08595115157620496,14,1460.0
4335.0,14,140.0,7.0,2.3123711535554046,13,977.0,0.1360756516043671,13,977.0
4340.0,16,183.0,8.714285714285714,0.9596037081420091,15,1044.0,0.06159521586362116,15,1044.0
4345.0,15,211.0,9.590909090909092,1.921629873364884,14,992.0,0.07816219762918754,14,992.0
4350.0,16,287.0,11.958333333333334,2.158315996673142,15,956.0,0.06748165198003293,15,956.0
4355.0,19,375.0,16.304347826086957,1.3214375092387707,18,1038.0,0.0437687100960331,18,1038.0
4360.0,20,470.0,19.583333333333332,1.5759180716083325,19,1128.0,0.022989064237416913,19,1128.0
4365.0,18,537.0,23.347826086956523,1.5488409702609496,18,1218.0,0.03949162819962933,18,1218.0
4370.0,7,81.0,3.5217391304347827,2.782217981079575,7,831.0,0.09115812592017178,7,831.0
4375.0,9,38.0,1.6521739130434783,1.5693500501068358,9,557.0,0.07131086083300382,9,557.0
4380.0,16,104.0,4.333333333333333,1.290518112031423,15,577.0,0.05059468913314554,15,577.0
4385.0,20,199.0,8.291666666666666,1.149425471682247,19,667.0,0.038821094946866794,19,667.0
4390.0,21,299.0,12.458333333333334,0.9986521085701444,20,762.0,0.01881299095393584,20,762.0
4395.0,20,399.0,16.625,1.684509794335237,19,857.0,0.011021436402942047,19,857.0
4400.0,20,499.0,20.791666666666668,1.2324794739414278,19,952.0,0.03305336516770577,19,952.0
4405.0,21,599.0,26.043478260869566,0.5425829780767719,20,1047.0,0.017440788072883916,20,1047.0
4410.0,18,632.0,26.333333333333332,1.3876589775633754,18,1141.0,0.0373567953128669,18,1141.0
4415.0,9,192.0,8.0,2.531784790261917,9,790.0,0.07565425431023205,9,790.0
4420.0,11,50.0,2.272727272727273,2.0870520224925078,10,667.0,0.10564498248506062,10,667.0
4425.0,14,116.0,5.8,2.205641408806617,13,543.0,0.111420690707819,13,543.0
4430.0,13,166.0,7.904761904761905,1.156501716923527,12,607.0,0.07367580901679856,12,607.0
4435.0,14,201.0,8.73913043478261,1.4492190643533671,13,567.0,0.06781361237300171,13,567.0
4440.0,16,276.0,12.0,1.3252012930328738,15,581.0,0.0458253566303536,15,581.0
4445.0,18,364.0,15.826086956521738,1.2158354115689674,17,663.0,0.04034229782376625,17,663.0
4450.0,20,459.0,19.956521739130434,0.9748535677973204,19,753.0,0.023971343100709464,19,753.0
4455.0,17,501.0,21.782608695652176,1.6330960844489146,17,842.0,0.044777320636692985,17,842.0
4460.0,8,62.0,2.8181818181818183,1.4739409315520575,7,687.0,0.0642930007046188,7,687.0
4465.0,13,54.0,2.16,1.3606028095517786,12,651.0,0.02886085710561027,12,651.0
4470.0,19,141.0,6.130434782608695,0.7979081568231483,18,732.0,0.018058882957539494,18,732.0
4475.0,20,241.0,10.478260869565217,0.7125038044013866,19,827.0,0.03353405190230561,19,827.0
4480.0,21,341.0,13.64,1.3130139119270614,20,922.0,0.016619739190306272,20,922.0
4485.0,20,441.0,18.375,1.612509181791182,19,1017.0,0.012516770155118461,19,1017.0
4490.0,20,541.0,23.52173913043478,0.6770431642957265,19,1112.0,0.033146609704695865,19,1112.0
4495.0,21,641.0,26.708333333333332,0.8873673274082,20,1207.0,0.02111619008940061,20,1207.0
4500.0,19,699.0,29.125,1.2574141524047888,19,1302.0,0.031878322702939735,19,1302.0
4505.0,11,200.0,8.333333333333334,1.6830212488382104,10,1073.0,0.04280689547465887,10,1073.0
4510.0,13,59.0,2.6818181818181817,1.5845728059137607,12,960.0,0.08059378237802171,12,960.0
4515.0,13,104.0,4.7272727272727275,1.293343095804862,12,976.0,0.06921287623321465,12,976.0
4520.0,15,161.0,7.0,1.5821246057760165,14,950.0,0.06238574898978877,14,950.0
4525.0,17,239.0,9.958333333333334,1.663304108922792,16,980.0,0.03330880583709287,16,980.0
4530.0,20,331.0,14.391304347826088,1.0365880285639073,19,1067.0,0.017253830033486604,19,1067.0
4535.0,19,426.0,19.363636363636363,0.9140534647554841,18,1157.0,0.051932513718650174,18,1157.0
4540.0,19,521.0,22.652173913043477,1.1700594800270938,18,1247.0,0.03704229994842738,18,1247.0
4545.0,18,552.0,24.0,1.0460056547676497,18,1336.0,0.04021525999205357,18,1336.0
4550.0,8,87.0,3.9545454545454546,1.3548045066806524,7,1032.0,0.05780133738272688,7,1032.0
4555.0,15,67.0,2.9130434782608696,1.1083720764136265,14,814.0,0.043114116116335185,14,814.0
4560.0,16,126.0,5.04,2.3356767502015887,16,849.0,0.045396262927873,16,849.0
4565.0,18,192.0,7.68,1.8638101443606323,17,827.0,0.0505395125892495,17,827.0
4570.0,20,284.0,11.833333333333334,1.1942107051053263,19,866.0,0.03508608538997171,19,866.0
4575.0,21,384.0,15.36,1.5044051382209676,20,961.0,0.016278772074368085,20,961.0
4580.0,20,484.0,20.166666666666668,1.3696266708237292,19,1056.0,0.013458445697955105,19,1056.0
4585.0,20,584.0,23.36,1.982495783373958,19,1151.0,0.03588469824249363,19,1151.0
4590.0,19,629.0,26.208333333333332,0.9184702570523169,19,1245.0,0.030704604451094707,19,1245.0
4595.0,9,199.0,8.652173913043478,1.8269500897793363,9,948.0,0.05504895253491997,9,948.0
4600.0,10,89.0,4.045454545454546,1.41635000121628,10,825.0,0.07844529288151769,10,825.0
4605.0,12,105.0,4.565217391304348,1.9564017133246674,11,795.0,0.06574289719399495,11,795.0
4610.0,17,176.0,7.333333333333333,1.5598622684801473,16,861.0,0.033050387649722554,16,861.0
4615.0,18,260.0,11.304347826086957,1.509742387808861,17,940.0,0.04314304509986183,17,940.0
4620.0,19,355.0,15.434782608695652,1.3185866785743452,18,1030.0,0.0321034664548789,18,1030.0
4625.0,20,450.0,19.565217391304348,0.8437042460233543,19,1120.0,0.021587171422402962,19,1120.0
4630.0,19,545.0,24.772727272727273,0.9075430290079154,18,1210.0,0.04259213603251567,18,1210.0
4635.0,17,540.0,23.47826086956522,1.2966487314932549,17,1298.0,0.035268453533908305,17,1298.0
4640.0,8,68.0,3.090909090909091,2.0301217974039276,8,1127.0,0.06302593741352183,8,1127.0
4645.0,13,67.0,2.9130434782608696,0.5102582592865186,12,1113.0,0.0338534668966784,12,1113.0
4650.0,18,144.0,5.76,1.3736716911968068,17,1103.0,0.0230004069303505,17,1103.0
4655.0,21,242.0,10.083333333333334,0.8395035422373122,20,1195.0,0.019366675975146623,20,1195.0
4660.0,20,342.0,14.869565217391305,0.9523901236509282,19,1290.0,0.016255240426451944,19,1290.0
4665.0,20,442.0,19.217391304347824,0.7806528143919399,19,1385.0,0.0390747839096882,19,1385.0
4670.0,21,542.0,21.68,1.3278265553216593,20,1480.0,0.020513632358606097,20,1480.0
4675.0,20,642.0,26.75,1.370790770704394,19,1575.0,0.013510093499741355,19,1575.0
4680.0,18,641.0,27.869565217391305,0.5539616162726289,18,1668.0,0.021731568486508753,18,1668.0
4685.0,13,219.0,9.521739130434783,1.3482587209774333,12,1439.0,0.048776171138415855,12,1439.0
4690.0,14,82.0,3.4166666666666665,1.3043275789653057,13,1420.0,0.049377169965201084,13,1420.0
4695.0,17,158.0,6.869565217391305,1.4224183127511079,16,1451.0,0.03742230379013897,16,1451.0
4700.0,20,249.0,10.375,1.4433015439788237,19,1536.0,0.02246531081939947,19,1536.0
4705.0,19,344.0,15.636363636363637,1.2038247319037148,18,1626.0,0.046520004027574446,18,1626.0
4710.0,19,439.0,19.08695652173913,1.0825888275442543,18,1716.0,0.024007641284943513,18,1716.0
4715.0,19,534.0,24.272727272727273,1.0997965584746394,18,1806.0,0.0211437285249826,18,1806.0
4720.0,19,629.0,27.347826086956523,1.5705374116444575,18,1896.0,0.037239038562891624,18,1896.0
4725.0,18,641.0,26.708333333333332,1.4259090121209843,18,1985.0,0.037857699622019556,18,1985.0
4730.0,6,113.0,5.136363636363637,2.224096703945769,6,1689.0,0.08763362482131204,6,1689.0
4735.0,11,50.0,2.0833333333333335,1.2880653759794474,10,1641.0,0.043553692974563234,10,1641.0
4740.0,20,130.0,5.6521739130434785,0.5104314801104547,19,1717.0,0.020795062202138236,19,1717.0
4745.0,20,228.0,9.91304347826087,0.8756109027204918,19,1811.0,0.01212754199073037,19,1811.0
4750.0,20,328.0,13.666666666666666,1.5305546502526213,19,1906.0,0.03264208413828025,19,1906.0
4755.0,21,428.0,17.833333333333332,1.137399173028058,20,2001.0,0.02012039430656693,20,2001.0
4760.0,20,528.0,22.956521739130434,0.761642662064874,19,2096.0,0.01351049634133925,19,2096.0
4765.0,20,628.0,26.166666666666668,1.2072024612965837,19,2191.0,0.030731754648010135,19,2191.0
4770.0,18,618.0,26.869565217391305,0.6100603627462151,18,2283.0,0.02527429800529566,18,2283.0
4775.0,11,198.0,8.25,1.6302333072972248,11,1712.0,0.04861988898309196,11,1712.0
4780.0,10,57.0,2.4782608695652173,2.3051511107000007,9,1504.0,0.08855925626778427,9,1504.0
4785.0,14,113.0,4.913043478260869,1.5661219791649457,13,1473.0,0.06163497499321937,13,1473.0
4790.0,16,185.0,8.043478260869565,1.491977712558611,15,1540.0,0.04239495648270268,15,1540.0
4795.0,20,272.0,11.333333333333334,1.724444090279863,19,1622.0,0.018129728802019116,19,1622.0
4800.0,19,367.0,15.956521739130435,1.380112389849026,18,1712.0,0.037757509311427205,18,1712.0
4805.0,19,462.0,20.08695652173913,1.5599839521869003,18,1802.0,0.032612457419422515,18,1802.0
4810.0,20,557.0,24.217391304347824,1.1786657804160199,19,1892.0,0.019436808269937395,19,1892.0
4815.0,17,583.0,25.347826086956523,1.5538817853170646,17,1981.0,0.04285217797653093,17,1981.0
4820.0,7,89.0,4.045454545454546,1.3615512451476999,6,1788.0,0.06210191489421372,6,1788.0
4825.0,14,53.0,2.12,1.621879682766714,13,1751.0,0.032328562762402625,13,1751.0
4830.0,18,139.0,6.043478260869565,0.8846907847800591,17,1833.0,0.018125705622347575,17,1833.0
4835.0,20,238.0,9.916666666666666,1.0219082070312269,19,1927.0,0.02724852413148469,19,1927.0
4840.0,21,338.0,14.083333333333334,1.0615072621502522,20,2022.0,0.021621932133704707,20,2022.0
4845.0,20,438.0,18.25,1.4184480550027097,19,2117.0,0.012152205318523828,19,2117.0
4850.0,20,538.0,22.416666666666668,1.5640492598857854,19,2212.0,0.034213405883936045,19,2212.0
4855.0,21,638.0,26.583333333333332,1.2043393486808782,20,2307.0,0.01947536250809439,20,2307.0
4860.0,18,657.0,28.565217391304348,1.1382040859034153,18,2401.0,0.03335802594266172,18,2401.0
4865.0,11,195.0,8.478260869565217,1.4282034509364399,10,2088.0,0.0520926971289974,10,2088.0
4870.0,13,60.0,2.608695652173913,1.3809144662549546,12,2065.0,0.05212509469276423,12,2065.0
4875.0,17,138.0,6.0,1.2387286725119573,16,2099.0,0.03634140607389969,16,2099.0
4880.0,20,232.0,10.08695652173913,1.0452004992044428,19,2188.0,0.026558155481638944,19,2188.0
4885.0,19,327.0,14.217391304347826,1.5925373051914578,18,2278.0,0.04449687269129933,18,2278.0
4890.0,19,422.0,18.347826086956523,1.1931680132603972,18,2368.0,0.042549272328817014,18,2368.0
4895.0,20,517.0,22.47826086956522,0.887856523006195,19,2458.0,0.021004247409419436,19,2458.0
4900.0,19,612.0,26.608695652173914,1.4807851947556425,18,2548.0,0.04216842203780685,18,2548.0
4905.0,16,589.0,25.608695652173914,1.220639316019179,16,2635.0,0.040915423277760946,16,2635.0
4910.0,10,123.0,5.3478260869565215,1.3501082954747436,9,2372.0,0.055847401434630115,9,2372.0
4915.0,17,76.0,2.923076923076923,2.0668153541137446,16,2348.0,0.024102869207485035,16,2348.0
4920.0,19,162.0,7.043478260869565,1.0721129784136316,18,2430.0,0.017968876708775207,18,2430.0
4925.0,20,262.0,10.916666666666666,1.1384084676844715,19,2525.0,0.029203555225170656,19,2525.0
4930.0,21,362.0,14.48,1.3301862674287626,20,2620.0,0.014203691908216172,20,2620.0
4935.0,20,462.0,20.08695652173913,0.8029656644083252,19,2715.0,0.032862587020086854,19,2715.0
4940.0,20,562.0,23.416666666666668,1.0635843710507853,19,2810.0,0.031656322064239795,19,2810.0
4945.0,21,662.0,26.48,1.4776622896446572,20,2905.0,0.022850847682026842,20,2905.0
4950.0,18,681.0,28.375,1.4067291632977312,18,2999.0,0.029014483856960645,18,2999.0
4955.0,10,206.0,8.583333333333334,1.7466052741191511,9,2306.0,0.03864650671367713,9,2306.0
4960.0,13,64.0,2.909090909090909,1.8541124252897914,12,1784.0,0.06685933897676455,12,1784.0
4965.0,14,123.0,5.857142857142857,1.1408285409941392,13,1587.0,0.08022786859339917,13,1587.0
4970.0,14,155.0,6.739130434782608,1.6639516644281336,13,1546.0,0.06352259053224829,13,1546.0
4975.0,16,230.0,9.583333333333334,1.559377063329622,15,1566.0,0.06290934243233567,15,1566.0
4980.0,20,319.0,13.291666666666666,1.3667297148958324,19,1600.0,0.04146533769963948,19,1600.0
4985.0,19,414.0,17.25,2.01334797085596,18,1690.0,0.047608037801534796,18,1690.0
4990.0,19,509.0,22.130434782608695,1.1548272381636913,18,1780.0,0.0301886691174702,18,1780.0
4995.0,18,542.0,23.565217391304348,1.3432435744916442,18,1869.0,0.03442919620490879,18,1869.0
5000.0,8,81.0,3.6818181818181817,1.4991315570232764,7,1553.0,0.06560800005845484,7,1553.0
